[29Aug2024 14:25:16.565] [main/INFO] [cpw.mods.modlauncher.Launcher/MODLAUNCHER]: ModLauncher running: args [--launchTarget, forgeclientuserdev, --version, 20.4.237, --assetIndex, asset-index, --assetsDir, C:\Users\Casey\.gradle\caches\minecraft\assets\1.20.4, --gameDir, ., --fml.neoForgeVersion, 20.4.237, --fml.fmlVersion, 2.0.17, --fml.mcVersion, 1.20.4, --fml.neoFormVersion, 20231207.154220]
[29Aug2024 14:25:16.568] [main/INFO] [cpw.mods.modlauncher.Launcher/MODLAUNCHER]: ModLauncher 10.0.9+10.0.9+main.dcd20f30 starting: java version 17.0.1 by Oracle Corporation; OS Windows 10 arch amd64 version 10.0
[29Aug2024 14:25:16.604] [main/DEBUG] [cpw.mods.modlauncher.LaunchServiceHandler/MODLAUNCHER]: Found launch services [minecraft,forgeclient,forgedatauserdev,testharness,forgeserverdev,forgeserveruserdev,forgeclientdev,forgeclientuserdev,forgeserver,forgedatadev]
[29Aug2024 14:25:16.619] [main/DEBUG] [cpw.mods.modlauncher.NameMappingServiceHandler/MODLAUNCHER]: Found naming services : [srgtomcp]
[29Aug2024 14:25:16.634] [main/DEBUG] [cpw.mods.modlauncher.LaunchPluginHandler/MODLAUNCHER]: Found launch plugins: [mixin,slf4jfixer,runtime_enum_extender,accesstransformer,runtimedistcleaner]
[29Aug2024 14:25:16.647] [main/DEBUG] [cpw.mods.modlauncher.TransformationServicesHandler/MODLAUNCHER]: Discovering transformation services
[29Aug2024 14:25:16.654] [main/DEBUG] [net.neoforged.fml.loading.FMLPaths/CORE]: Path GAMEDIR is C:\Users\Casey\Documents\GitHub\MightyMail\neoforge\runs\client
[29Aug2024 14:25:16.654] [main/DEBUG] [net.neoforged.fml.loading.FMLPaths/CORE]: Path MODSDIR is C:\Users\Casey\Documents\GitHub\MightyMail\neoforge\runs\client\mods
[29Aug2024 14:25:16.654] [main/DEBUG] [net.neoforged.fml.loading.FMLPaths/CORE]: Path CONFIGDIR is C:\Users\Casey\Documents\GitHub\MightyMail\neoforge\runs\client\config
[29Aug2024 14:25:16.654] [main/DEBUG] [net.neoforged.fml.loading.FMLPaths/CORE]: Path FMLCONFIG is C:\Users\Casey\Documents\GitHub\MightyMail\neoforge\runs\client\config\fml.toml
[29Aug2024 14:25:16.692] [main/TRACE] [net.neoforged.fml.loading.FMLConfig/CORE]: Loaded FML config from C:\Users\Casey\Documents\GitHub\MightyMail\neoforge\runs\client\config\fml.toml
[29Aug2024 14:25:16.692] [main/TRACE] [net.neoforged.fml.loading.FMLConfig/CORE]: FMLConfig disableConfigWatcher is false
[29Aug2024 14:25:16.693] [main/TRACE] [net.neoforged.fml.loading.FMLConfig/CORE]: FMLConfig earlyWindowControl is true
[29Aug2024 14:25:16.693] [main/TRACE] [net.neoforged.fml.loading.FMLConfig/CORE]: FMLConfig maxThreads is 8
[29Aug2024 14:25:16.693] [main/TRACE] [net.neoforged.fml.loading.FMLConfig/CORE]: FMLConfig versionCheck is true
[29Aug2024 14:25:16.693] [main/TRACE] [net.neoforged.fml.loading.FMLConfig/CORE]: FMLConfig defaultConfigPath is defaultconfigs
[29Aug2024 14:25:16.693] [main/TRACE] [net.neoforged.fml.loading.FMLConfig/CORE]: FMLConfig disableOptimizedDFU is true
[29Aug2024 14:25:16.693] [main/TRACE] [net.neoforged.fml.loading.FMLConfig/CORE]: FMLConfig earlyWindowProvider is fmlearlywindow
[29Aug2024 14:25:16.693] [main/TRACE] [net.neoforged.fml.loading.FMLConfig/CORE]: FMLConfig earlyWindowWidth is 854
[29Aug2024 14:25:16.694] [main/TRACE] [net.neoforged.fml.loading.FMLConfig/CORE]: FMLConfig earlyWindowHeight is 480
[29Aug2024 14:25:16.694] [main/TRACE] [net.neoforged.fml.loading.FMLConfig/CORE]: FMLConfig earlyWindowFBScale is 1
[29Aug2024 14:25:16.694] [main/TRACE] [net.neoforged.fml.loading.FMLConfig/CORE]: FMLConfig earlyWindowMaximized is false
[29Aug2024 14:25:16.694] [main/TRACE] [net.neoforged.fml.loading.FMLConfig/CORE]: FMLConfig earlyWindowSkipGLVersions is []
[29Aug2024 14:25:16.694] [main/TRACE] [net.neoforged.fml.loading.FMLConfig/CORE]: FMLConfig earlyWindowSquir is false
[29Aug2024 14:25:16.704] [main/DEBUG] [cpw.mods.modlauncher.TransformationServicesHandler/MODLAUNCHER]: Found additional transformation services from discovery services: 
[29Aug2024 14:25:16.715] [main/INFO] [net.neoforged.fml.loading.ImmediateWindowHandler/]: Loading ImmediateWindowProvider fmlearlywindow
[29Aug2024 14:25:16.851] [main/INFO] [EARLYDISPLAY/]: Trying GL version 4.6
[29Aug2024 14:25:17.001] [main/INFO] [EARLYDISPLAY/]: Requested GL version 4.6 got version 4.6
[29Aug2024 14:25:17.109] [main/DEBUG] [cpw.mods.modlauncher.TransformationServicesHandler/MODLAUNCHER]: Found transformer services : [mixin,mixin-synthetic-package,fml]
[29Aug2024 14:25:17.109] [main/DEBUG] [cpw.mods.modlauncher.TransformationServicesHandler/MODLAUNCHER]: Transformation services loading
[29Aug2024 14:25:17.110] [main/DEBUG] [cpw.mods.modlauncher.TransformationServiceDecorator/MODLAUNCHER]: Loading service mixin
[29Aug2024 14:25:17.111] [main/DEBUG] [cpw.mods.modlauncher.TransformationServiceDecorator/MODLAUNCHER]: Loaded service mixin
[29Aug2024 14:25:17.111] [main/DEBUG] [cpw.mods.modlauncher.TransformationServiceDecorator/MODLAUNCHER]: Loading service mixin-synthetic-package
[29Aug2024 14:25:17.111] [main/DEBUG] [cpw.mods.modlauncher.TransformationServiceDecorator/MODLAUNCHER]: Loaded service mixin-synthetic-package
[29Aug2024 14:25:17.111] [main/DEBUG] [cpw.mods.modlauncher.TransformationServiceDecorator/MODLAUNCHER]: Loading service fml
[29Aug2024 14:25:17.112] [main/DEBUG] [net.neoforged.fml.loading.LauncherVersion/CORE]: Found FMLLauncher version 2.0
[29Aug2024 14:25:17.113] [main/DEBUG] [net.neoforged.fml.loading.FMLLoader/CORE]: FML 2.0 loading
[29Aug2024 14:25:17.113] [main/DEBUG] [net.neoforged.fml.loading.FMLLoader/CORE]: FML found ModLauncher version : 10.0.9+10.0.9+main.dcd20f30
[29Aug2024 14:25:17.113] [main/DEBUG] [net.neoforged.fml.loading.FMLLoader/CORE]: FML found AccessTransformer version : 10.0.1+139da711
[29Aug2024 14:25:17.114] [main/DEBUG] [net.neoforged.fml.loading.FMLLoader/CORE]: FML found EventBus version : null
[29Aug2024 14:25:17.115] [main/DEBUG] [net.neoforged.fml.loading.FMLLoader/CORE]: Found Runtime Dist Cleaner
[29Aug2024 14:25:17.117] [main/DEBUG] [net.neoforged.fml.loading.FMLLoader/CORE]: FML found CoreMod version : 6.0.4+main.1ed25481
[29Aug2024 14:25:17.117] [main/DEBUG] [net.neoforged.fml.loading.FMLLoader/CORE]: Found ForgeSPI package implementation version 2.0
[29Aug2024 14:25:17.117] [main/DEBUG] [net.neoforged.fml.loading.FMLLoader/CORE]: Found ForgeSPI package specification 2
[29Aug2024 14:25:17.118] [main/DEBUG] [cpw.mods.modlauncher.TransformationServiceDecorator/MODLAUNCHER]: Loaded service fml
[29Aug2024 14:25:17.118] [main/DEBUG] [cpw.mods.modlauncher.TransformationServicesHandler/MODLAUNCHER]: Configuring option handling for services
[29Aug2024 14:25:17.125] [main/DEBUG] [cpw.mods.modlauncher.TransformationServicesHandler/MODLAUNCHER]: Transformation services initializing
[29Aug2024 14:25:17.126] [main/DEBUG] [cpw.mods.modlauncher.TransformationServiceDecorator/MODLAUNCHER]: Initializing transformation service mixin
[29Aug2024 14:25:17.150] [main/DEBUG] [mixin/]: MixinService [ModLauncher] was successfully booted in cpw.mods.cl.ModuleClassLoader@41e36e46
[29Aug2024 14:25:17.165] [main/INFO] [mixin/]: SpongePowered MIXIN Subsystem Version=0.8.5 Source=union:/C:/Users/Casey/.gradle/caches/modules-2/files-2.1/net.fabricmc/sponge-mixin/0.13.1+mixin.0.8.5/618f4dff860cf2d6b5196073b1a5f5e0a8591acb/sponge-mixin-0.13.1+mixin.0.8.5.jar%23139!/ Service=ModLauncher Env=CLIENT
[29Aug2024 14:25:17.169] [main/DEBUG] [mixin/]: Initialising Mixin Platform Manager
[29Aug2024 14:25:17.169] [main/DEBUG] [mixin/]: Adding mixin platform agents for container ModLauncher Root Container(ModLauncher:4f56a0a2)
[29Aug2024 14:25:17.170] [main/DEBUG] [mixin/]: Instancing new MixinPlatformAgentMinecraftForge for ModLauncher Root Container(ModLauncher:4f56a0a2)
[29Aug2024 14:25:17.170] [main/DEBUG] [mixin/]: MixinPlatformAgentMinecraftForge rejected container ModLauncher Root Container(ModLauncher:4f56a0a2)
[29Aug2024 14:25:17.171] [main/DEBUG] [mixin/]: Instancing new MixinPlatformAgentDefault for ModLauncher Root Container(ModLauncher:4f56a0a2)
[29Aug2024 14:25:17.171] [main/DEBUG] [mixin/]: MixinPlatformAgentDefault accepted container ModLauncher Root Container(ModLauncher:4f56a0a2)
[29Aug2024 14:25:17.174] [main/DEBUG] [cpw.mods.modlauncher.TransformationServiceDecorator/MODLAUNCHER]: Initialized transformation service mixin
[29Aug2024 14:25:17.175] [main/DEBUG] [cpw.mods.modlauncher.TransformationServiceDecorator/MODLAUNCHER]: Initializing transformation service mixin-synthetic-package
[29Aug2024 14:25:17.175] [main/DEBUG] [cpw.mods.modlauncher.TransformationServiceDecorator/MODLAUNCHER]: Initialized transformation service mixin-synthetic-package
[29Aug2024 14:25:17.175] [main/DEBUG] [cpw.mods.modlauncher.TransformationServiceDecorator/MODLAUNCHER]: Initializing transformation service fml
[29Aug2024 14:25:17.175] [main/DEBUG] [net.neoforged.fml.loading.FMLServiceProvider/CORE]: Setting up basic FML game directories
[29Aug2024 14:25:17.175] [main/DEBUG] [net.neoforged.fml.loading.FMLPaths/CORE]: Path GAMEDIR is C:\Users\Casey\Documents\GitHub\MightyMail\neoforge\runs\client
[29Aug2024 14:25:17.176] [main/DEBUG] [net.neoforged.fml.loading.FMLPaths/CORE]: Path MODSDIR is C:\Users\Casey\Documents\GitHub\MightyMail\neoforge\runs\client\mods
[29Aug2024 14:25:17.176] [main/DEBUG] [net.neoforged.fml.loading.FMLPaths/CORE]: Path CONFIGDIR is C:\Users\Casey\Documents\GitHub\MightyMail\neoforge\runs\client\config
[29Aug2024 14:25:17.176] [main/DEBUG] [net.neoforged.fml.loading.FMLPaths/CORE]: Path FMLCONFIG is C:\Users\Casey\Documents\GitHub\MightyMail\neoforge\runs\client\config\fml.toml
[29Aug2024 14:25:17.176] [main/DEBUG] [net.neoforged.fml.loading.FMLServiceProvider/CORE]: Loading configuration
[29Aug2024 14:25:17.178] [main/TRACE] [net.neoforged.fml.loading.FMLConfig/CORE]: Loaded FML config from C:\Users\Casey\Documents\GitHub\MightyMail\neoforge\runs\client\config\fml.toml
[29Aug2024 14:25:17.178] [main/TRACE] [net.neoforged.fml.loading.FMLConfig/CORE]: FMLConfig disableConfigWatcher is false
[29Aug2024 14:25:17.178] [main/TRACE] [net.neoforged.fml.loading.FMLConfig/CORE]: FMLConfig earlyWindowControl is true
[29Aug2024 14:25:17.178] [main/TRACE] [net.neoforged.fml.loading.FMLConfig/CORE]: FMLConfig maxThreads is 8
[29Aug2024 14:25:17.178] [main/TRACE] [net.neoforged.fml.loading.FMLConfig/CORE]: FMLConfig versionCheck is true
[29Aug2024 14:25:17.179] [main/TRACE] [net.neoforged.fml.loading.FMLConfig/CORE]: FMLConfig defaultConfigPath is defaultconfigs
[29Aug2024 14:25:17.179] [main/TRACE] [net.neoforged.fml.loading.FMLConfig/CORE]: FMLConfig disableOptimizedDFU is true
[29Aug2024 14:25:17.179] [main/TRACE] [net.neoforged.fml.loading.FMLConfig/CORE]: FMLConfig earlyWindowProvider is fmlearlywindow
[29Aug2024 14:25:17.179] [main/TRACE] [net.neoforged.fml.loading.FMLConfig/CORE]: FMLConfig earlyWindowWidth is 854
[29Aug2024 14:25:17.179] [main/TRACE] [net.neoforged.fml.loading.FMLConfig/CORE]: FMLConfig earlyWindowHeight is 480
[29Aug2024 14:25:17.179] [main/TRACE] [net.neoforged.fml.loading.FMLConfig/CORE]: FMLConfig earlyWindowFBScale is 1
[29Aug2024 14:25:17.179] [main/TRACE] [net.neoforged.fml.loading.FMLConfig/CORE]: FMLConfig earlyWindowMaximized is false
[29Aug2024 14:25:17.179] [main/TRACE] [net.neoforged.fml.loading.FMLConfig/CORE]: FMLConfig earlyWindowSkipGLVersions is []
[29Aug2024 14:25:17.179] [main/TRACE] [net.neoforged.fml.loading.FMLConfig/CORE]: FMLConfig earlyWindowSquir is false
[29Aug2024 14:25:17.179] [main/DEBUG] [net.neoforged.fml.loading.FMLServiceProvider/CORE]: Preparing ModFile
[29Aug2024 14:25:17.183] [main/DEBUG] [net.neoforged.fml.loading.FMLServiceProvider/CORE]: Preparing launch handler
[29Aug2024 14:25:17.184] [main/DEBUG] [net.neoforged.fml.loading.FMLLoader/CORE]: Using forgeclientuserdev as launch service
[29Aug2024 14:25:17.197] [main/DEBUG] [net.neoforged.fml.loading.FMLLoader/CORE]: Received command line version data  : VersionInfo[neoForgeVersion=20.4.237, fmlVersion=2.0.17, mcVersion=1.20.4, neoFormVersion=20231207.154220]
[29Aug2024 14:25:17.197] [main/DEBUG] [net.neoforged.fml.common.asm.RuntimeDistCleaner/DISTXFORM]: Configuring for Dist CLIENT
[29Aug2024 14:25:17.199] [main/DEBUG] [cpw.mods.modlauncher.TransformationServiceDecorator/MODLAUNCHER]: Initialized transformation service fml
[29Aug2024 14:25:17.200] [main/DEBUG] [cpw.mods.modlauncher.NameMappingServiceHandler/MODLAUNCHER]: Current naming domain is 'mcp'
[29Aug2024 14:25:17.202] [main/DEBUG] [cpw.mods.modlauncher.NameMappingServiceHandler/MODLAUNCHER]: Identified name mapping providers {srg=srgtomcp:1234}
[29Aug2024 14:25:17.203] [main/DEBUG] [cpw.mods.modlauncher.TransformationServicesHandler/MODLAUNCHER]: Transformation services begin scanning
[29Aug2024 14:25:17.204] [main/DEBUG] [cpw.mods.modlauncher.TransformationServiceDecorator/MODLAUNCHER]: Beginning scan trigger - transformation service mixin
[29Aug2024 14:25:17.204] [main/DEBUG] [cpw.mods.modlauncher.TransformationServiceDecorator/MODLAUNCHER]: End scan trigger - transformation service mixin
[29Aug2024 14:25:17.204] [main/DEBUG] [cpw.mods.modlauncher.TransformationServiceDecorator/MODLAUNCHER]: Beginning scan trigger - transformation service mixin-synthetic-package
[29Aug2024 14:25:17.207] [main/DEBUG] [cpw.mods.modlauncher.TransformationServiceDecorator/MODLAUNCHER]: End scan trigger - transformation service mixin-synthetic-package
[29Aug2024 14:25:17.208] [main/DEBUG] [cpw.mods.modlauncher.TransformationServiceDecorator/MODLAUNCHER]: Beginning scan trigger - transformation service fml
[29Aug2024 14:25:17.208] [main/DEBUG] [net.neoforged.fml.loading.FMLServiceProvider/CORE]: Initiating mod scan
[29Aug2024 14:25:17.208] [main/DEBUG] [net.neoforged.fml.loading.FMLLoader/SCAN]: Scanning for Mod Locators
[29Aug2024 14:25:17.224] [main/DEBUG] [net.neoforged.fml.loading.moddiscovery.ModListHandler/CORE]: Found mod coordinates from lists: []
[29Aug2024 14:25:17.228] [main/DEBUG] [net.neoforged.fml.loading.moddiscovery.ModDiscoverer/CORE]: Found Mod Locators : (mods folder:2.0),(maven libs:2.0),(exploded directory:2.0),(minecraft:2.0),(userdev classpath:2.0),(builtin game layer libraries:2.0)
[29Aug2024 14:25:17.228] [main/DEBUG] [net.neoforged.fml.loading.moddiscovery.ModDiscoverer/CORE]: Found Dependency Locators : (JarInJar:2.0)
[29Aug2024 14:25:17.228] [main/DEBUG] [net.neoforged.fml.loading.moddiscovery.ModDiscoverer/SCAN]: Scanning for mods and other resources to load. We know 6 ways to find mods
[29Aug2024 14:25:17.228] [main/DEBUG] [net.neoforged.fml.loading.moddiscovery.ModDiscoverer/SCAN]: Trying locator {mods folder locator at C:\Users\Casey\Documents\GitHub\MightyMail\neoforge\runs\client\mods}
[29Aug2024 14:25:17.229] [main/DEBUG] [net.neoforged.fml.loading.moddiscovery.ModsFolderLocator/SCAN]: Scanning mods dir C:\Users\Casey\Documents\GitHub\MightyMail\neoforge\runs\client\mods for mods
[29Aug2024 14:25:17.233] [main/DEBUG] [net.neoforged.fml.loading.moddiscovery.ModDiscoverer/SCAN]: Locator {mods folder locator at C:\Users\Casey\Documents\GitHub\MightyMail\neoforge\runs\client\mods} found 0 candidates or errors
[29Aug2024 14:25:17.235] [main/DEBUG] [net.neoforged.fml.loading.moddiscovery.ModDiscoverer/SCAN]: Locator {mods folder locator at C:\Users\Casey\Documents\GitHub\MightyMail\neoforge\runs\client\mods} found 0 valid mod files
[29Aug2024 14:25:17.236] [main/DEBUG] [net.neoforged.fml.loading.moddiscovery.ModDiscoverer/SCAN]: Trying locator {Maven Directory locator for mods []}
[29Aug2024 14:25:17.236] [main/DEBUG] [net.neoforged.fml.loading.moddiscovery.ModDiscoverer/SCAN]: Locator {Maven Directory locator for mods []} found 0 candidates or errors
[29Aug2024 14:25:17.236] [main/DEBUG] [net.neoforged.fml.loading.moddiscovery.ModDiscoverer/SCAN]: Locator {Maven Directory locator for mods []} found 0 valid mod files
[29Aug2024 14:25:17.237] [main/DEBUG] [net.neoforged.fml.loading.moddiscovery.ModDiscoverer/SCAN]: Trying locator {ExplodedDir locator}
[29Aug2024 14:25:17.237] [main/DEBUG] [net.neoforged.fml.loading.moddiscovery.ModDiscoverer/SCAN]: Locator {ExplodedDir locator} found 0 candidates or errors
[29Aug2024 14:25:17.238] [main/DEBUG] [net.neoforged.fml.loading.moddiscovery.ModDiscoverer/SCAN]: Locator {ExplodedDir locator} found 0 valid mod files
[29Aug2024 14:25:17.238] [main/DEBUG] [net.neoforged.fml.loading.moddiscovery.ModDiscoverer/SCAN]: Trying locator net.neoforged.fml.loading.moddiscovery.MinecraftLocator@7da10b5b
[29Aug2024 14:25:17.240] [pool-2-thread-1/INFO] [EARLYDISPLAY/]: GL info: NVIDIA GeForce GTX 1080 Ti/PCIe/SSE2 GL version 4.6.0 NVIDIA 537.42, NVIDIA Corporation
[29Aug2024 14:25:17.242] [main/DEBUG] [net.neoforged.fml.loading.targets.CommonLaunchHandler/CORE]: Got mod coordinates neoforge%%C:\Users\Casey\Documents\GitHub\MightyMail\neoforge\build\resources\main;neoforge%%C:\Users\Casey\Documents\GitHub\MightyMail\neoforge\build\classes\java\main from env
[29Aug2024 14:25:17.244] [main/DEBUG] [net.neoforged.fml.loading.targets.CommonLaunchHandler/CORE]: Found supplied mod coordinates [{neoforge=[C:\Users\Casey\Documents\GitHub\MightyMail\neoforge\build\resources\main, C:\Users\Casey\Documents\GitHub\MightyMail\neoforge\build\classes\java\main]}]
[29Aug2024 14:25:17.496] [main/DEBUG] [net.neoforged.fml.loading.moddiscovery.ModFileInfo/LOADING]: Found valid mod file neoforge-20.4.237.jar with {minecraft} mods - versions {1.20.4}
[29Aug2024 14:25:17.501] [main/DEBUG] [net.neoforged.fml.loading.moddiscovery.AbstractModProvider/SCAN]: Found META-INF/mods.toml mod of type null: [C:\Users\Casey\Documents\GitHub\MightyMail\neoforge\build\resources\main, C:\Users\Casey\Documents\GitHub\MightyMail\neoforge\build\classes\java\main]
[29Aug2024 14:25:17.502] [main/DEBUG] [net.neoforged.fml.loading.moddiscovery.ModFileParser/LOADING]: Considering mod file candidate C:\Users\Casey\Documents\GitHub\MightyMail\neoforge\build\resources\main
[29Aug2024 14:25:17.516] [main/DEBUG] [net.neoforged.fml.loading.moddiscovery.ModFileInfo/LOADING]: Found valid mod file main with {mighty_mail} mods - versions {1.1}
[29Aug2024 14:25:17.517] [main/DEBUG] [net.neoforged.fml.loading.moddiscovery.AbstractModProvider/SCAN]: Found META-INF/mods.toml mod of type null: []
[29Aug2024 14:25:17.517] [main/DEBUG] [net.neoforged.fml.loading.moddiscovery.ModFileParser/LOADING]: Considering mod file candidate /
[29Aug2024 14:25:17.519] [main/DEBUG] [net.neoforged.fml.loading.moddiscovery.ModFileInfo/LOADING]: Found valid mod file  with {neoforge} mods - versions {20.4.237}
[29Aug2024 14:25:17.519] [main/DEBUG] [net.neoforged.fml.loading.moddiscovery.ModDiscoverer/SCAN]: Locator net.neoforged.fml.loading.moddiscovery.MinecraftLocator@7da10b5b found 3 candidates or errors
[29Aug2024 14:25:17.520] [main/DEBUG] [net.neoforged.fml.loading.moddiscovery.ModDiscoverer/SCAN]: Locator net.neoforged.fml.loading.moddiscovery.MinecraftLocator@7da10b5b found 3 valid mod files
[29Aug2024 14:25:17.520] [main/INFO] [net.neoforged.fml.loading.moddiscovery.ModDiscoverer/SCAN]: Found mod file "neoforge-20.4.237.jar" of type MOD with provider net.neoforged.fml.loading.moddiscovery.MinecraftLocator@7da10b5b
[29Aug2024 14:25:17.520] [main/INFO] [net.neoforged.fml.loading.moddiscovery.ModDiscoverer/SCAN]: Found mod file "main" of type MOD with provider net.neoforged.fml.loading.moddiscovery.MinecraftLocator@7da10b5b
[29Aug2024 14:25:17.520] [main/INFO] [net.neoforged.fml.loading.moddiscovery.ModDiscoverer/SCAN]: Found mod file "" of type MOD with provider net.neoforged.fml.loading.moddiscovery.MinecraftLocator@7da10b5b
[29Aug2024 14:25:17.521] [main/DEBUG] [net.neoforged.fml.loading.moddiscovery.ModDiscoverer/SCAN]: Trying locator net.neoforged.fml.loading.moddiscovery.ClasspathLocator@deb3b60
[29Aug2024 14:25:17.552] [main/DEBUG] [net.neoforged.fml.loading.moddiscovery.AbstractModProvider/SCAN]: Found META-INF/mods.toml mod of type null: [C:\Users\Casey\.gradle\caches\modules-2\files-2.1\com.mrcrayfish\framework-neoforge\1.20.4-0.7.6\a8765f7512a5e55247ead8dd4c884bee4fed7983\framework-neoforge-1.20.4-0.7.6.jar]
[29Aug2024 14:25:17.553] [main/DEBUG] [net.neoforged.fml.loading.moddiscovery.ModFileParser/LOADING]: Considering mod file candidate C:\Users\Casey\.gradle\caches\modules-2\files-2.1\com.mrcrayfish\framework-neoforge\1.20.4-0.7.6\a8765f7512a5e55247ead8dd4c884bee4fed7983\framework-neoforge-1.20.4-0.7.6.jar
[29Aug2024 14:25:17.554] [main/DEBUG] [net.neoforged.fml.loading.moddiscovery.ModFileInfo/LOADING]: Found valid mod file framework-neoforge-1.20.4-0.7.6.jar with {framework} mods - versions {0.7.6}
[29Aug2024 14:25:17.565] [main/DEBUG] [net.neoforged.fml.loading.moddiscovery.AbstractModProvider/SCAN]: Found META-INF/mods.toml mod of type null: [C:\Users\Casey\.gradle\caches\modules-2\files-2.1\com.mrcrayfish\refurbished_furniture-neoforge\1.20.4-1.0.6\c522f1cf7c6c4e551c7be647613e0f8bf284e3f4\refurbished_furniture-neoforge-1.20.4-1.0.6.jar]
[29Aug2024 14:25:17.565] [main/DEBUG] [net.neoforged.fml.loading.moddiscovery.ModFileParser/LOADING]: Considering mod file candidate C:\Users\Casey\.gradle\caches\modules-2\files-2.1\com.mrcrayfish\refurbished_furniture-neoforge\1.20.4-1.0.6\c522f1cf7c6c4e551c7be647613e0f8bf284e3f4\refurbished_furniture-neoforge-1.20.4-1.0.6.jar
[29Aug2024 14:25:17.567] [main/DEBUG] [net.neoforged.fml.loading.moddiscovery.ModFileInfo/LOADING]: Found valid mod file refurbished_furniture-neoforge-1.20.4-1.0.6.jar with {refurbished_furniture} mods - versions {1.0.6}
[29Aug2024 14:25:17.572] [main/DEBUG] [net.neoforged.fml.loading.moddiscovery.AbstractModProvider/SCAN]: Found META-INF/mods.toml mod of type null: [C:\Users\Casey\.gradle\caches\modules-2\files-2.1\com.mrcrayfish\catalogue-neoforge\1.20.4-1.9.1\cd04925fea25cb196f4eceae102c8a1c42d4743c\catalogue-neoforge-1.20.4-1.9.1.jar]
[29Aug2024 14:25:17.573] [main/DEBUG] [net.neoforged.fml.loading.moddiscovery.ModFileParser/LOADING]: Considering mod file candidate C:\Users\Casey\.gradle\caches\modules-2\files-2.1\com.mrcrayfish\catalogue-neoforge\1.20.4-1.9.1\cd04925fea25cb196f4eceae102c8a1c42d4743c\catalogue-neoforge-1.20.4-1.9.1.jar
[29Aug2024 14:25:17.574] [main/DEBUG] [net.neoforged.fml.loading.moddiscovery.ModFileInfo/LOADING]: Found valid mod file catalogue-neoforge-1.20.4-1.9.1.jar with {catalogue} mods - versions {1.9.1}
[29Aug2024 14:25:17.582] [main/DEBUG] [net.neoforged.fml.loading.moddiscovery.AbstractModProvider/SCAN]: Found META-INF/mods.toml mod of type null: [C:\Users\Casey\.gradle\caches\modules-2\files-2.1\com.blamejared.crafttweaker\CraftTweaker-neoforge-1.20.4\17.0.12\9626f083d37bf829d111619e843cc0c0565877dd\CraftTweaker-neoforge-1.20.4-17.0.12.jar]
[29Aug2024 14:25:17.582] [main/DEBUG] [net.neoforged.fml.loading.moddiscovery.ModFileParser/LOADING]: Considering mod file candidate C:\Users\Casey\.gradle\caches\modules-2\files-2.1\com.blamejared.crafttweaker\CraftTweaker-neoforge-1.20.4\17.0.12\9626f083d37bf829d111619e843cc0c0565877dd\CraftTweaker-neoforge-1.20.4-17.0.12.jar
[29Aug2024 14:25:17.586] [main/DEBUG] [net.neoforged.fml.loading.moddiscovery.ModFileInfo/LOADING]: Found valid mod file CraftTweaker-neoforge-1.20.4-17.0.12.jar with {crafttweaker} mods - versions {17.0.12}
[29Aug2024 14:25:17.597] [main/DEBUG] [net.neoforged.fml.loading.moddiscovery.AbstractModProvider/SCAN]: Found META-INF/mods.toml mod of type null: [C:\Users\Casey\.gradle\caches\modules-2\files-2.1\com.mrcrayfish\framework-neoforge\1.20.4-0.7.6\a8765f7512a5e55247ead8dd4c884bee4fed7983\framework-neoforge-1.20.4-0.7.6.jar]
[29Aug2024 14:25:17.597] [main/DEBUG] [net.neoforged.fml.loading.moddiscovery.ModFileParser/LOADING]: Considering mod file candidate C:\Users\Casey\.gradle\caches\modules-2\files-2.1\com.mrcrayfish\framework-neoforge\1.20.4-0.7.6\a8765f7512a5e55247ead8dd4c884bee4fed7983\framework-neoforge-1.20.4-0.7.6.jar
[29Aug2024 14:25:17.599] [main/DEBUG] [net.neoforged.fml.loading.moddiscovery.ModFileInfo/LOADING]: Found valid mod file framework-neoforge-1.20.4-0.7.6.jar with {framework} mods - versions {0.7.6}
[29Aug2024 14:25:17.610] [main/DEBUG] [net.neoforged.fml.loading.moddiscovery.AbstractModProvider/SCAN]: Found META-INF/mods.toml mod of type null: [C:\Users\Casey\.gradle\caches\modules-2\files-2.1\com.mrcrayfish\refurbished_furniture-neoforge\1.20.4-1.0.6\c522f1cf7c6c4e551c7be647613e0f8bf284e3f4\refurbished_furniture-neoforge-1.20.4-1.0.6.jar]
[29Aug2024 14:25:17.610] [main/DEBUG] [net.neoforged.fml.loading.moddiscovery.ModFileParser/LOADING]: Considering mod file candidate C:\Users\Casey\.gradle\caches\modules-2\files-2.1\com.mrcrayfish\refurbished_furniture-neoforge\1.20.4-1.0.6\c522f1cf7c6c4e551c7be647613e0f8bf284e3f4\refurbished_furniture-neoforge-1.20.4-1.0.6.jar
[29Aug2024 14:25:17.611] [main/DEBUG] [net.neoforged.fml.loading.moddiscovery.ModFileInfo/LOADING]: Found valid mod file refurbished_furniture-neoforge-1.20.4-1.0.6.jar with {refurbished_furniture} mods - versions {1.0.6}
[29Aug2024 14:25:17.620] [main/DEBUG] [net.neoforged.fml.loading.moddiscovery.AbstractModProvider/SCAN]: Found META-INF/mods.toml mod of type null: [C:\Users\Casey\.gradle\caches\modules-2\files-2.1\com.mrcrayfish\catalogue-neoforge\1.20.4-1.9.1\cd04925fea25cb196f4eceae102c8a1c42d4743c\catalogue-neoforge-1.20.4-1.9.1.jar]
[29Aug2024 14:25:17.620] [main/DEBUG] [net.neoforged.fml.loading.moddiscovery.ModFileParser/LOADING]: Considering mod file candidate C:\Users\Casey\.gradle\caches\modules-2\files-2.1\com.mrcrayfish\catalogue-neoforge\1.20.4-1.9.1\cd04925fea25cb196f4eceae102c8a1c42d4743c\catalogue-neoforge-1.20.4-1.9.1.jar
[29Aug2024 14:25:17.622] [main/DEBUG] [net.neoforged.fml.loading.moddiscovery.ModFileInfo/LOADING]: Found valid mod file catalogue-neoforge-1.20.4-1.9.1.jar with {catalogue} mods - versions {1.9.1}
[29Aug2024 14:25:17.628] [main/DEBUG] [net.neoforged.fml.loading.moddiscovery.AbstractModProvider/SCAN]: Found META-INF/mods.toml mod of type null: [C:\Users\Casey\.gradle\caches\modules-2\files-2.1\com.blamejared.crafttweaker\CraftTweaker-neoforge-1.20.4\17.0.12\9626f083d37bf829d111619e843cc0c0565877dd\CraftTweaker-neoforge-1.20.4-17.0.12.jar]
[29Aug2024 14:25:17.628] [main/DEBUG] [net.neoforged.fml.loading.moddiscovery.ModFileParser/LOADING]: Considering mod file candidate C:\Users\Casey\.gradle\caches\modules-2\files-2.1\com.blamejared.crafttweaker\CraftTweaker-neoforge-1.20.4\17.0.12\9626f083d37bf829d111619e843cc0c0565877dd\CraftTweaker-neoforge-1.20.4-17.0.12.jar
[29Aug2024 14:25:17.630] [main/DEBUG] [net.neoforged.fml.loading.moddiscovery.ModFileInfo/LOADING]: Found valid mod file CraftTweaker-neoforge-1.20.4-17.0.12.jar with {crafttweaker} mods - versions {17.0.12}
[29Aug2024 14:25:17.692] [main/DEBUG] [net.neoforged.fml.loading.moddiscovery.ModDiscoverer/SCAN]: Locator net.neoforged.fml.loading.moddiscovery.ClasspathLocator@deb3b60 found 22 candidates or errors
[29Aug2024 14:25:17.692] [main/DEBUG] [net.neoforged.fml.loading.moddiscovery.ModDiscoverer/SCAN]: Locator net.neoforged.fml.loading.moddiscovery.ClasspathLocator@deb3b60 found 14 invalid mod files
[29Aug2024 14:25:17.693] [main/DEBUG] [net.neoforged.fml.loading.moddiscovery.ModDiscoverer/SCAN]: Locator net.neoforged.fml.loading.moddiscovery.ClasspathLocator@deb3b60 found 8 valid mod files
[29Aug2024 14:25:17.693] [main/INFO] [net.neoforged.fml.loading.moddiscovery.ModDiscoverer/SCAN]: Found mod file "framework-neoforge-1.20.4-0.7.6.jar" of type MOD with provider net.neoforged.fml.loading.moddiscovery.ClasspathLocator@deb3b60
[29Aug2024 14:25:17.693] [main/INFO] [net.neoforged.fml.loading.moddiscovery.ModDiscoverer/SCAN]: Found mod file "refurbished_furniture-neoforge-1.20.4-1.0.6.jar" of type MOD with provider net.neoforged.fml.loading.moddiscovery.ClasspathLocator@deb3b60
[29Aug2024 14:25:17.694] [main/INFO] [net.neoforged.fml.loading.moddiscovery.ModDiscoverer/SCAN]: Found mod file "catalogue-neoforge-1.20.4-1.9.1.jar" of type MOD with provider net.neoforged.fml.loading.moddiscovery.ClasspathLocator@deb3b60
[29Aug2024 14:25:17.694] [main/INFO] [net.neoforged.fml.loading.moddiscovery.ModDiscoverer/SCAN]: Found mod file "CraftTweaker-neoforge-1.20.4-17.0.12.jar" of type MOD with provider net.neoforged.fml.loading.moddiscovery.ClasspathLocator@deb3b60
[29Aug2024 14:25:17.694] [main/INFO] [net.neoforged.fml.loading.moddiscovery.ModDiscoverer/SCAN]: Found mod file "framework-neoforge-1.20.4-0.7.6.jar" of type MOD with provider net.neoforged.fml.loading.moddiscovery.ClasspathLocator@deb3b60
[29Aug2024 14:25:17.694] [main/INFO] [net.neoforged.fml.loading.moddiscovery.ModDiscoverer/SCAN]: Found mod file "refurbished_furniture-neoforge-1.20.4-1.0.6.jar" of type MOD with provider net.neoforged.fml.loading.moddiscovery.ClasspathLocator@deb3b60
[29Aug2024 14:25:17.694] [main/INFO] [net.neoforged.fml.loading.moddiscovery.ModDiscoverer/SCAN]: Found mod file "catalogue-neoforge-1.20.4-1.9.1.jar" of type MOD with provider net.neoforged.fml.loading.moddiscovery.ClasspathLocator@deb3b60
[29Aug2024 14:25:17.695] [main/INFO] [net.neoforged.fml.loading.moddiscovery.ModDiscoverer/SCAN]: Found mod file "CraftTweaker-neoforge-1.20.4-17.0.12.jar" of type MOD with provider net.neoforged.fml.loading.moddiscovery.ClasspathLocator@deb3b60
[29Aug2024 14:25:17.695] [main/DEBUG] [net.neoforged.fml.loading.moddiscovery.ModDiscoverer/SCAN]: Trying locator net.neoforged.fml.loading.moddiscovery.BuiltinGameLibraryLocator@61f2c3f0
[29Aug2024 14:25:17.695] [main/DEBUG] [net.neoforged.fml.loading.moddiscovery.ModDiscoverer/SCAN]: Locator net.neoforged.fml.loading.moddiscovery.BuiltinGameLibraryLocator@61f2c3f0 found 0 candidates or errors
[29Aug2024 14:25:17.695] [main/DEBUG] [net.neoforged.fml.loading.moddiscovery.ModDiscoverer/SCAN]: Locator net.neoforged.fml.loading.moddiscovery.BuiltinGameLibraryLocator@61f2c3f0 found 0 valid mod files
[29Aug2024 14:25:17.703] [main/DEBUG] [net.neoforged.fml.loading.UniqueModListBuilder/]: Found 2 mods for first modid crafttweaker, selecting most recent based on version data
[29Aug2024 14:25:17.704] [main/DEBUG] [net.neoforged.fml.loading.UniqueModListBuilder/]: Selected file CraftTweaker-neoforge-1.20.4-17.0.12.jar for modid crafttweaker with version 17.0.12
[29Aug2024 14:25:17.704] [main/DEBUG] [net.neoforged.fml.loading.UniqueModListBuilder/]: Found 2 mods for first modid framework, selecting most recent based on version data
[29Aug2024 14:25:17.704] [main/DEBUG] [net.neoforged.fml.loading.UniqueModListBuilder/]: Selected file framework-neoforge-1.20.4-0.7.6.jar for modid framework with version 0.7.6
[29Aug2024 14:25:17.704] [main/DEBUG] [net.neoforged.fml.loading.UniqueModListBuilder/]: Found 2 mods for first modid catalogue, selecting most recent based on version data
[29Aug2024 14:25:17.705] [main/DEBUG] [net.neoforged.fml.loading.UniqueModListBuilder/]: Selected file catalogue-neoforge-1.20.4-1.9.1.jar for modid catalogue with version 1.9.1
[29Aug2024 14:25:17.705] [main/DEBUG] [net.neoforged.fml.loading.UniqueModListBuilder/]: Found 2 mods for first modid refurbished_furniture, selecting most recent based on version data
[29Aug2024 14:25:17.705] [main/DEBUG] [net.neoforged.fml.loading.UniqueModListBuilder/]: Selected file refurbished_furniture-neoforge-1.20.4-1.0.6.jar for modid refurbished_furniture with version 1.0.6
[29Aug2024 14:25:17.709] [main/DEBUG] [net.neoforged.fml.loading.moddiscovery.ModDiscoverer/SCAN]: Successfully Loaded 7 mods. Attempting to load dependencies...
[29Aug2024 14:25:17.709] [main/DEBUG] [net.neoforged.fml.loading.moddiscovery.ModDiscoverer/SCAN]: Trying locator net.neoforged.fml.loading.moddiscovery.JarInJarDependencyLocator@4a183d02
[29Aug2024 14:25:17.718] [main/TRACE] [net.neoforged.fml.loading.moddiscovery.AbstractJarFileDependencyLocator/]: Failed to load resource META-INF\jarjar\metadata.json from CraftTweaker-neoforge-1.20.4-17.0.12.jar, it does not contain dependency information.
[29Aug2024 14:25:17.719] [main/TRACE] [net.neoforged.fml.loading.moddiscovery.AbstractJarFileDependencyLocator/]: Failed to load resource META-INF\jarjar\metadata.json from framework-neoforge-1.20.4-0.7.6.jar, it does not contain dependency information.
[29Aug2024 14:25:17.720] [main/TRACE] [net.neoforged.fml.loading.moddiscovery.AbstractJarFileDependencyLocator/]: Failed to load resource META-INF\jarjar\metadata.json from main, it does not contain dependency information.
[29Aug2024 14:25:17.720] [main/TRACE] [net.neoforged.fml.loading.moddiscovery.AbstractJarFileDependencyLocator/]: Failed to load resource META-INF\jarjar\metadata.json from catalogue-neoforge-1.20.4-1.9.1.jar, it does not contain dependency information.
[29Aug2024 14:25:17.721] [main/TRACE] [net.neoforged.fml.loading.moddiscovery.AbstractJarFileDependencyLocator/]: Failed to load resource META-INF\jarjar\metadata.json from refurbished_furniture-neoforge-1.20.4-1.0.6.jar, it does not contain dependency information.
[29Aug2024 14:25:17.848] [main/DEBUG] [net.neoforged.fml.loading.moddiscovery.AbstractModProvider/SCAN]: Found META-INF/MANIFEST.MF mod of type GAMELIBRARY: []
[29Aug2024 14:25:17.858] [main/DEBUG] [net.neoforged.fml.loading.moddiscovery.AbstractModProvider/SCAN]: Found META-INF/MANIFEST.MF mod of type GAMELIBRARY: []
[29Aug2024 14:25:17.859] [main/TRACE] [net.neoforged.fml.loading.moddiscovery.AbstractJarFileDependencyLocator/]: Failed to load resource META-INF\jarjar\metadata.json from mixinextras-neoforge-0.3.5.jar, it does not contain dependency information.
[29Aug2024 14:25:17.860] [main/TRACE] [net.neoforged.fml.loading.moddiscovery.AbstractJarFileDependencyLocator/]: Failed to load resource META-INF\jarjar\metadata.json from mixinextras-neoforge-0.3.5.jar, it does not contain dependency information.
[29Aug2024 14:25:17.898] [main/DEBUG] [net.neoforged.fml.loading.moddiscovery.AbstractModProvider/SCAN]: Found META-INF/MANIFEST.MF mod of type GAMELIBRARY: []
[29Aug2024 14:25:17.900] [main/INFO] [net.neoforged.fml.loading.moddiscovery.JarInJarDependencyLocator/]: Found 1 dependencies adding them to mods collection
[29Aug2024 14:25:17.900] [main/INFO] [net.neoforged.fml.loading.moddiscovery.ModDiscoverer/SCAN]: Found mod file "mixinextras-neoforge-0.3.5.jar" of type GAMELIBRARY with provider net.neoforged.fml.loading.moddiscovery.JarInJarDependencyLocator@4a183d02
[29Aug2024 14:25:17.903] [main/DEBUG] [net.neoforged.fml.loading.moddiscovery.ModFileInfo/LOADING]: Found valid mod file neoforge-20.4.237.jar with {minecraft} mods - versions {1.20.4}
[29Aug2024 14:25:17.907] [main/DEBUG] [net.neoforged.fml.loading.moddiscovery.ModFile/LOADING]: Loading mod file C:\Users\Casey\Documents\GitHub\MightyMail\neoforge\.gradle\repositories\ng_dummy_ng\net\neoforged\neoforge\20.4.237\neoforge-20.4.237.jar with languages [LanguageSpec[languageName=minecraft, acceptedVersions=1]]
[29Aug2024 14:25:17.909] [main/DEBUG] [net.neoforged.fml.loading.moddiscovery.ModFileParser/LOADING]: Considering mod file candidate C:\Users\Casey\.gradle\caches\modules-2\files-2.1\com.blamejared.crafttweaker\CraftTweaker-neoforge-1.20.4\17.0.12\9626f083d37bf829d111619e843cc0c0565877dd\CraftTweaker-neoforge-1.20.4-17.0.12.jar
[29Aug2024 14:25:17.910] [main/DEBUG] [net.neoforged.fml.loading.moddiscovery.ModFileInfo/LOADING]: Found valid mod file CraftTweaker-neoforge-1.20.4-17.0.12.jar with {crafttweaker} mods - versions {17.0.12}
[29Aug2024 14:25:17.911] [main/DEBUG] [net.neoforged.fml.loading.moddiscovery.ModFile/LOADING]: Loading mod file C:\Users\Casey\.gradle\caches\modules-2\files-2.1\com.blamejared.crafttweaker\CraftTweaker-neoforge-1.20.4\17.0.12\9626f083d37bf829d111619e843cc0c0565877dd\CraftTweaker-neoforge-1.20.4-17.0.12.jar with languages [LanguageSpec[languageName=javafml, acceptedVersions=[2,)]]
[29Aug2024 14:25:17.912] [main/DEBUG] [net.neoforged.fml.loading.moddiscovery.ModFile/LOADING]: Found mixin config crafttweaker.mixins.json
[29Aug2024 14:25:17.912] [main/DEBUG] [net.neoforged.fml.loading.moddiscovery.ModFile/LOADING]: Found mixin config crafttweaker.neoforge.mixins.json
[29Aug2024 14:25:17.912] [main/DEBUG] [net.neoforged.fml.loading.moddiscovery.ModFileParser/LOADING]: Considering mod file candidate C:\Users\Casey\.gradle\caches\modules-2\files-2.1\com.mrcrayfish\framework-neoforge\1.20.4-0.7.6\a8765f7512a5e55247ead8dd4c884bee4fed7983\framework-neoforge-1.20.4-0.7.6.jar
[29Aug2024 14:25:17.913] [main/DEBUG] [net.neoforged.fml.loading.moddiscovery.ModFileInfo/LOADING]: Found valid mod file framework-neoforge-1.20.4-0.7.6.jar with {framework} mods - versions {0.7.6}
[29Aug2024 14:25:17.913] [main/DEBUG] [net.neoforged.fml.loading.moddiscovery.ModFile/LOADING]: Loading mod file C:\Users\Casey\.gradle\caches\modules-2\files-2.1\com.mrcrayfish\framework-neoforge\1.20.4-0.7.6\a8765f7512a5e55247ead8dd4c884bee4fed7983\framework-neoforge-1.20.4-0.7.6.jar with languages [LanguageSpec[languageName=javafml, acceptedVersions=[2,)]]
[29Aug2024 14:25:17.914] [main/DEBUG] [net.neoforged.fml.loading.moddiscovery.ModFileParser/LOADING]: Considering mod file candidate C:\Users\Casey\Documents\GitHub\MightyMail\neoforge\build\resources\main
[29Aug2024 14:25:17.915] [main/DEBUG] [net.neoforged.fml.loading.moddiscovery.ModFileInfo/LOADING]: Found valid mod file main with {mighty_mail} mods - versions {1.1}
[29Aug2024 14:25:17.915] [main/DEBUG] [net.neoforged.fml.loading.moddiscovery.ModFile/LOADING]: Loading mod file C:\Users\Casey\Documents\GitHub\MightyMail\neoforge\build\resources\main with languages [LanguageSpec[languageName=javafml, acceptedVersions=[2,)]]
[29Aug2024 14:25:17.918] [main/DEBUG] [net.neoforged.fml.loading.moddiscovery.ModFileParser/LOADING]: Considering mod file candidate /
[29Aug2024 14:25:17.918] [main/DEBUG] [net.neoforged.fml.loading.moddiscovery.ModFileInfo/LOADING]: Found valid mod file  with {neoforge} mods - versions {20.4.237}
[29Aug2024 14:25:17.919] [main/DEBUG] [net.neoforged.fml.loading.moddiscovery.ModFile/LOADING]: Loading mod file / with languages [LanguageSpec[languageName=javafml, acceptedVersions=[1,]]]
[29Aug2024 14:25:17.922] [main/DEBUG] [net.neoforged.fml.loading.moddiscovery.ModFileParser/LOADING]: Found coremod field_to_method with Javascript path coremods/field_to_method.js
[29Aug2024 14:25:17.922] [main/DEBUG] [net.neoforged.fml.loading.moddiscovery.ModFileParser/LOADING]: Found coremod field_to_instanceof with Javascript path coremods/field_to_instanceof.js
[29Aug2024 14:25:17.922] [main/DEBUG] [net.neoforged.fml.loading.moddiscovery.ModFileParser/LOADING]: Found coremod add_bouncer_method with Javascript path coremods/add_bouncer_method.js
[29Aug2024 14:25:17.923] [main/DEBUG] [net.neoforged.fml.loading.moddiscovery.ModFileParser/LOADING]: Found coremod method_redirector with Javascript path coremods/method_redirector.js
[29Aug2024 14:25:17.923] [main/DEBUG] [net.neoforged.fml.loading.moddiscovery.ModFile/LOADING]: Found coremod coremods/field_to_method.js
[29Aug2024 14:25:17.923] [main/DEBUG] [net.neoforged.fml.loading.moddiscovery.ModFile/LOADING]: Found coremod coremods/field_to_instanceof.js
[29Aug2024 14:25:17.923] [main/DEBUG] [net.neoforged.fml.loading.moddiscovery.ModFile/LOADING]: Found coremod coremods/add_bouncer_method.js
[29Aug2024 14:25:17.923] [main/DEBUG] [net.neoforged.fml.loading.moddiscovery.ModFile/LOADING]: Found coremod coremods/method_redirector.js
[29Aug2024 14:25:17.923] [main/DEBUG] [net.neoforged.fml.loading.moddiscovery.ModFileParser/LOADING]: Considering mod file candidate C:\Users\Casey\.gradle\caches\modules-2\files-2.1\com.mrcrayfish\catalogue-neoforge\1.20.4-1.9.1\cd04925fea25cb196f4eceae102c8a1c42d4743c\catalogue-neoforge-1.20.4-1.9.1.jar
[29Aug2024 14:25:17.924] [main/DEBUG] [net.neoforged.fml.loading.moddiscovery.ModFileInfo/LOADING]: Found valid mod file catalogue-neoforge-1.20.4-1.9.1.jar with {catalogue} mods - versions {1.9.1}
[29Aug2024 14:25:17.924] [main/DEBUG] [net.neoforged.fml.loading.moddiscovery.ModFile/LOADING]: Loading mod file C:\Users\Casey\.gradle\caches\modules-2\files-2.1\com.mrcrayfish\catalogue-neoforge\1.20.4-1.9.1\cd04925fea25cb196f4eceae102c8a1c42d4743c\catalogue-neoforge-1.20.4-1.9.1.jar with languages [LanguageSpec[languageName=javafml, acceptedVersions=[2,)]]
[29Aug2024 14:25:17.925] [main/DEBUG] [net.neoforged.fml.loading.moddiscovery.ModFileParser/LOADING]: Considering mod file candidate C:\Users\Casey\.gradle\caches\modules-2\files-2.1\com.mrcrayfish\refurbished_furniture-neoforge\1.20.4-1.0.6\c522f1cf7c6c4e551c7be647613e0f8bf284e3f4\refurbished_furniture-neoforge-1.20.4-1.0.6.jar
[29Aug2024 14:25:17.926] [main/DEBUG] [net.neoforged.fml.loading.moddiscovery.ModFileInfo/LOADING]: Found valid mod file refurbished_furniture-neoforge-1.20.4-1.0.6.jar with {refurbished_furniture} mods - versions {1.0.6}
[29Aug2024 14:25:17.926] [main/DEBUG] [net.neoforged.fml.loading.moddiscovery.ModFile/LOADING]: Loading mod file C:\Users\Casey\.gradle\caches\modules-2\files-2.1\com.mrcrayfish\refurbished_furniture-neoforge\1.20.4-1.0.6\c522f1cf7c6c4e551c7be647613e0f8bf284e3f4\refurbished_furniture-neoforge-1.20.4-1.0.6.jar with languages [LanguageSpec[languageName=javafml, acceptedVersions=[2,)]]
[29Aug2024 14:25:17.926] [main/DEBUG] [net.neoforged.fml.loading.moddiscovery.ModFile/LOADING]: Found mixin config refurbished_furniture.common.mixins.json
[29Aug2024 14:25:17.926] [main/DEBUG] [net.neoforged.fml.loading.moddiscovery.ModFile/LOADING]: Loading mod file  with languages []
[29Aug2024 14:25:17.927] [main/DEBUG] [net.neoforged.fml.loading.moddiscovery.ModValidator/SCAN]: Found 8 mod files with 7 mods
[29Aug2024 14:25:17.928] [main/DEBUG] [cpw.mods.modlauncher.TransformationServiceDecorator/MODLAUNCHER]: End scan trigger - transformation service fml
[29Aug2024 14:25:17.934] [main/DEBUG] [net.neoforged.fml.loading.LanguageLoadingProvider/CORE]: Found 3 language providers
[29Aug2024 14:25:17.936] [main/DEBUG] [net.neoforged.fml.loading.LanguageLoadingProvider/CORE]: Found language provider javafml, version 2.0
[29Aug2024 14:25:17.937] [main/DEBUG] [net.neoforged.fml.loading.LanguageLoadingProvider/CORE]: Found language provider lowcodefml, version 2.0
[29Aug2024 14:25:17.937] [main/DEBUG] [net.neoforged.fml.loading.LanguageLoadingProvider/CORE]: Found language provider minecraft, version 2.0
[29Aug2024 14:25:17.943] [main/DEBUG] [net.neoforged.fml.loading.ModSorter/]: Configured system mods: [minecraft, neoforge]
[29Aug2024 14:25:17.943] [main/DEBUG] [net.neoforged.fml.loading.ModSorter/]: Found system mod: minecraft
[29Aug2024 14:25:17.943] [main/DEBUG] [net.neoforged.fml.loading.ModSorter/]: Found system mod: neoforge
[29Aug2024 14:25:17.946] [main/DEBUG] [net.neoforged.fml.loading.ModSorter/LOADING]: Found 13 mod requirements (12 mandatory, 1 optional)
[29Aug2024 14:25:17.947] [main/DEBUG] [net.neoforged.fml.loading.ModSorter/LOADING]: Found 0 mod requirements missing (0 mandatory, 0 optional)
[29Aug2024 14:25:18.309] [main/DEBUG] [net.neoforged.fml.loading.FMLLoader/SCAN]: Adding Access Transformer in C:\Users\Casey\Documents\GitHub\MightyMail\neoforge\.gradle\repositories\ng_dummy_ng\net\neoforged\neoforge\20.4.237\neoforge-20.4.237.jar
[29Aug2024 14:25:18.316] [main/DEBUG] [AXFORM/AXFORM]: Loading access transformer accesstransformer.cfg
[29Aug2024 14:25:18.468] [main/DEBUG] [AXFORM/AXFORM]: Loaded access transformer accesstransformer.cfg
[29Aug2024 14:25:18.468] [main/DEBUG] [net.neoforged.fml.loading.FMLLoader/SCAN]: Adding Access Transformer in C:\Users\Casey\.gradle\caches\modules-2\files-2.1\com.blamejared.crafttweaker\CraftTweaker-neoforge-1.20.4\17.0.12\9626f083d37bf829d111619e843cc0c0565877dd\CraftTweaker-neoforge-1.20.4-17.0.12.jar
[29Aug2024 14:25:18.469] [main/DEBUG] [AXFORM/AXFORM]: Loading access transformer accesstransformer.cfg
[29Aug2024 14:25:18.472] [main/DEBUG] [AXFORM/AXFORM]: Loaded access transformer accesstransformer.cfg
[29Aug2024 14:25:18.472] [main/DEBUG] [net.neoforged.fml.loading.FMLLoader/SCAN]: Adding Access Transformer in C:\Users\Casey\Documents\GitHub\MightyMail\neoforge\build\resources\main
[29Aug2024 14:25:18.473] [main/DEBUG] [AXFORM/AXFORM]: Loading access transformer accesstransformer.cfg
[29Aug2024 14:25:18.476] [main/DEBUG] [AXFORM/AXFORM]: Loaded access transformer accesstransformer.cfg
[29Aug2024 14:25:18.476] [main/DEBUG] [net.neoforged.fml.loading.FMLLoader/SCAN]: Adding Access Transformer in /
[29Aug2024 14:25:18.478] [main/DEBUG] [AXFORM/AXFORM]: Loading access transformer accesstransformer.cfg
[29Aug2024 14:25:18.502] [main/DEBUG] [AXFORM/AXFORM]: Loaded access transformer accesstransformer.cfg
[29Aug2024 14:25:18.502] [main/DEBUG] [net.neoforged.fml.loading.FMLLoader/SCAN]: Adding Access Transformer in C:\Users\Casey\.gradle\caches\modules-2\files-2.1\com.mrcrayfish\refurbished_furniture-neoforge\1.20.4-1.0.6\c522f1cf7c6c4e551c7be647613e0f8bf284e3f4\refurbished_furniture-neoforge-1.20.4-1.0.6.jar
[29Aug2024 14:25:18.503] [main/DEBUG] [AXFORM/AXFORM]: Loading access transformer accesstransformer.cfg
[29Aug2024 14:25:18.506] [main/DEBUG] [AXFORM/AXFORM]: Loaded access transformer accesstransformer.cfg
[29Aug2024 14:25:18.508] [main/DEBUG] [mixin/]: Adding mixin platform agents for container net.neoforged.fml.loading.mixin.FMLMixinContainerHandle@7fd26ad8
[29Aug2024 14:25:18.508] [main/DEBUG] [mixin/]: Instancing new MixinPlatformAgentMinecraftForge for net.neoforged.fml.loading.mixin.FMLMixinContainerHandle@7fd26ad8
[29Aug2024 14:25:18.508] [main/DEBUG] [mixin/]: MixinPlatformAgentMinecraftForge rejected container net.neoforged.fml.loading.mixin.FMLMixinContainerHandle@7fd26ad8
[29Aug2024 14:25:18.509] [main/DEBUG] [mixin/]: Instancing new MixinPlatformAgentDefault for net.neoforged.fml.loading.mixin.FMLMixinContainerHandle@7fd26ad8
[29Aug2024 14:25:18.509] [main/DEBUG] [mixin/]: MixinPlatformAgentDefault accepted container net.neoforged.fml.loading.mixin.FMLMixinContainerHandle@7fd26ad8
[29Aug2024 14:25:18.509] [main/DEBUG] [mixin/]: Instancing new FMLMixinPlatformAgent for net.neoforged.fml.loading.mixin.FMLMixinContainerHandle@7fd26ad8
[29Aug2024 14:25:18.509] [main/DEBUG] [mixin/]: FMLMixinPlatformAgent accepted container net.neoforged.fml.loading.mixin.FMLMixinContainerHandle@7fd26ad8
[29Aug2024 14:25:18.519] [main/DEBUG] [cpw.mods.modlauncher.TransformationServicesHandler/MODLAUNCHER]: Transformation services loading transformers
[29Aug2024 14:25:18.521] [background-scan-handler-5/DEBUG] [net.neoforged.fml.loading.moddiscovery.AbstractJarFileModProvider/SCAN]: Scan started: Mod File: C:\Users\Casey\.gradle\caches\modules-2\files-2.1\com.mrcrayfish\catalogue-neoforge\1.20.4-1.9.1\cd04925fea25cb196f4eceae102c8a1c42d4743c\catalogue-neoforge-1.20.4-1.9.1.jar
[29Aug2024 14:25:18.521] [background-scan-handler-6/DEBUG] [net.neoforged.fml.loading.moddiscovery.AbstractJarFileModProvider/SCAN]: Scan started: Mod File: C:\Users\Casey\.gradle\caches\modules-2\files-2.1\com.mrcrayfish\refurbished_furniture-neoforge\1.20.4-1.0.6\c522f1cf7c6c4e551c7be647613e0f8bf284e3f4\refurbished_furniture-neoforge-1.20.4-1.0.6.jar
[29Aug2024 14:25:18.521] [background-scan-handler-2/DEBUG] [net.neoforged.fml.loading.moddiscovery.AbstractJarFileModProvider/SCAN]: Scan started: Mod File: C:\Users\Casey\.gradle\caches\modules-2\files-2.1\com.mrcrayfish\framework-neoforge\1.20.4-0.7.6\a8765f7512a5e55247ead8dd4c884bee4fed7983\framework-neoforge-1.20.4-0.7.6.jar
[29Aug2024 14:25:18.521] [background-scan-handler-1/DEBUG] [net.neoforged.fml.loading.moddiscovery.AbstractJarFileModProvider/SCAN]: Scan started: Mod File: C:\Users\Casey\.gradle\caches\modules-2\files-2.1\com.blamejared.crafttweaker\CraftTweaker-neoforge-1.20.4\17.0.12\9626f083d37bf829d111619e843cc0c0565877dd\CraftTweaker-neoforge-1.20.4-17.0.12.jar
[29Aug2024 14:25:18.522] [background-scan-handler-3/DEBUG] [net.neoforged.fml.loading.moddiscovery.MinecraftLocator/SCAN]: Scan started: Mod File: C:\Users\Casey\Documents\GitHub\MightyMail\neoforge\build\resources\main
[29Aug2024 14:25:18.522] [background-scan-handler-0/DEBUG] [net.neoforged.fml.loading.moddiscovery.MinecraftLocator/SCAN]: Scan started: Mod File: C:\Users\Casey\Documents\GitHub\MightyMail\neoforge\.gradle\repositories\ng_dummy_ng\net\neoforged\neoforge\20.4.237\neoforge-20.4.237.jar
[29Aug2024 14:25:18.522] [background-scan-handler-4/DEBUG] [net.neoforged.fml.loading.moddiscovery.MinecraftLocator/SCAN]: Scan started: Mod File: /
[29Aug2024 14:25:18.524] [main/DEBUG] [cpw.mods.modlauncher.TransformationServiceDecorator/MODLAUNCHER]: Initializing transformers for transformation service mixin
[29Aug2024 14:25:18.525] [main/DEBUG] [cpw.mods.modlauncher.TransformationServiceDecorator/MODLAUNCHER]: Initialized transformers for transformation service mixin
[29Aug2024 14:25:18.525] [main/DEBUG] [cpw.mods.modlauncher.TransformationServiceDecorator/MODLAUNCHER]: Initializing transformers for transformation service mixin-synthetic-package
[29Aug2024 14:25:18.526] [main/DEBUG] [cpw.mods.modlauncher.TransformationServiceDecorator/MODLAUNCHER]: Initialized transformers for transformation service mixin-synthetic-package
[29Aug2024 14:25:18.526] [main/DEBUG] [cpw.mods.modlauncher.TransformationServiceDecorator/MODLAUNCHER]: Initializing transformers for transformation service fml
[29Aug2024 14:25:18.526] [main/DEBUG] [net.neoforged.fml.loading.FMLServiceProvider/CORE]: Loading coremod transformers
[29Aug2024 14:25:18.527] [main/DEBUG] [net.neoforged.coremod.CoreModEngine/COREMOD]: Loading CoreMod from coremods/field_to_method.js
[29Aug2024 14:25:18.569] [background-scan-handler-5/DEBUG] [net.neoforged.fml.loading.moddiscovery.AbstractJarFileModProvider/SCAN]: Scan finished: Mod File: C:\Users\Casey\.gradle\caches\modules-2\files-2.1\com.mrcrayfish\catalogue-neoforge\1.20.4-1.9.1\cd04925fea25cb196f4eceae102c8a1c42d4743c\catalogue-neoforge-1.20.4-1.9.1.jar
[29Aug2024 14:25:18.570] [background-scan-handler-5/DEBUG] [net.neoforged.fml.loading.moddiscovery.Scanner/SCAN]: Scanning C:\Users\Casey\.gradle\caches\modules-2\files-2.1\com.mrcrayfish\catalogue-neoforge\1.20.4-1.9.1\cd04925fea25cb196f4eceae102c8a1c42d4743c\catalogue-neoforge-1.20.4-1.9.1.jar with language loader javafml
[29Aug2024 14:25:18.575] [background-scan-handler-5/DEBUG] [net.neoforged.fml.javafmlmod.FMLJavaModLanguageProvider/SCAN]: Found @Mod class com.mrcrayfish.catalogue.Catalogue with id catalogue
[29Aug2024 14:25:18.655] [background-scan-handler-2/DEBUG] [net.neoforged.fml.loading.moddiscovery.AbstractJarFileModProvider/SCAN]: Scan finished: Mod File: C:\Users\Casey\.gradle\caches\modules-2\files-2.1\com.mrcrayfish\framework-neoforge\1.20.4-0.7.6\a8765f7512a5e55247ead8dd4c884bee4fed7983\framework-neoforge-1.20.4-0.7.6.jar
[29Aug2024 14:25:18.655] [background-scan-handler-2/DEBUG] [net.neoforged.fml.loading.moddiscovery.Scanner/SCAN]: Scanning C:\Users\Casey\.gradle\caches\modules-2\files-2.1\com.mrcrayfish\framework-neoforge\1.20.4-0.7.6\a8765f7512a5e55247ead8dd4c884bee4fed7983\framework-neoforge-1.20.4-0.7.6.jar with language loader javafml
[29Aug2024 14:25:18.655] [background-scan-handler-2/DEBUG] [net.neoforged.fml.javafmlmod.FMLJavaModLanguageProvider/SCAN]: Found @Mod class com.mrcrayfish.framework.FrameworkNeoForge with id framework
[29Aug2024 14:25:18.733] [background-scan-handler-3/DEBUG] [net.neoforged.fml.loading.moddiscovery.MinecraftLocator/SCAN]: Scan finished: Mod File: C:\Users\Casey\Documents\GitHub\MightyMail\neoforge\build\resources\main
[29Aug2024 14:25:18.733] [background-scan-handler-3/DEBUG] [net.neoforged.fml.loading.moddiscovery.Scanner/SCAN]: Scanning C:\Users\Casey\Documents\GitHub\MightyMail\neoforge\build\resources\main with language loader javafml
[29Aug2024 14:25:18.734] [background-scan-handler-3/DEBUG] [net.neoforged.fml.javafmlmod.FMLJavaModLanguageProvider/SCAN]: Found @Mod class com.mrcrayfish.mightymail.MightyMail with id mighty_mail
[29Aug2024 14:25:18.855] [background-scan-handler-6/DEBUG] [net.neoforged.fml.loading.moddiscovery.AbstractJarFileModProvider/SCAN]: Scan finished: Mod File: C:\Users\Casey\.gradle\caches\modules-2\files-2.1\com.mrcrayfish\refurbished_furniture-neoforge\1.20.4-1.0.6\c522f1cf7c6c4e551c7be647613e0f8bf284e3f4\refurbished_furniture-neoforge-1.20.4-1.0.6.jar
[29Aug2024 14:25:18.856] [background-scan-handler-6/DEBUG] [net.neoforged.fml.loading.moddiscovery.Scanner/SCAN]: Scanning C:\Users\Casey\.gradle\caches\modules-2\files-2.1\com.mrcrayfish\refurbished_furniture-neoforge\1.20.4-1.0.6\c522f1cf7c6c4e551c7be647613e0f8bf284e3f4\refurbished_furniture-neoforge-1.20.4-1.0.6.jar with language loader javafml
[29Aug2024 14:25:18.856] [background-scan-handler-6/DEBUG] [net.neoforged.fml.javafmlmod.FMLJavaModLanguageProvider/SCAN]: Found @Mod class com.mrcrayfish.furniture.refurbished.FurnitureMod with id refurbished_furniture
[29Aug2024 14:25:18.867] [main/DEBUG] [net.neoforged.coremod.CoreModEngine/COREMOD]: CoreMod loaded successfully
[29Aug2024 14:25:18.867] [main/DEBUG] [net.neoforged.coremod.CoreModEngine/COREMOD]: Loading CoreMod from coremods/field_to_instanceof.js
[29Aug2024 14:25:18.956] [main/DEBUG] [net.neoforged.coremod.CoreModEngine/COREMOD]: CoreMod loaded successfully
[29Aug2024 14:25:18.956] [main/DEBUG] [net.neoforged.coremod.CoreModEngine/COREMOD]: Loading CoreMod from coremods/add_bouncer_method.js
[29Aug2024 14:25:19.014] [main/DEBUG] [net.neoforged.coremod.CoreModEngine/COREMOD]: CoreMod loaded successfully
[29Aug2024 14:25:19.014] [main/DEBUG] [net.neoforged.coremod.CoreModEngine/COREMOD]: Loading CoreMod from coremods/method_redirector.js
[29Aug2024 14:25:19.088] [main/DEBUG] [net.neoforged.coremod.CoreModEngine/COREMOD]: CoreMod loaded successfully
[29Aug2024 14:25:19.100] [main/DEBUG] [cpw.mods.modlauncher.TransformStore/MODLAUNCHER]: Adding transformer net.neoforged.coremod.transformer.CoreModClassTransformer@5befbac1 to Target : CLASS {Lnet/minecraft/world/level/biome/Biome;} {} {V}
[29Aug2024 14:25:19.101] [main/DEBUG] [cpw.mods.modlauncher.TransformStore/MODLAUNCHER]: Adding transformer net.neoforged.coremod.transformer.CoreModClassTransformer@b5de58f to Target : CLASS {Lnet/minecraft/world/level/levelgen/structure/Structure;} {} {V}
[29Aug2024 14:25:19.102] [main/DEBUG] [cpw.mods.modlauncher.TransformStore/MODLAUNCHER]: Adding transformer net.neoforged.coremod.transformer.CoreModClassTransformer@6587305a to Target : CLASS {Lnet/minecraft/world/level/block/LiquidBlock;} {} {V}
[29Aug2024 14:25:19.102] [main/DEBUG] [cpw.mods.modlauncher.TransformStore/MODLAUNCHER]: Adding transformer net.neoforged.coremod.transformer.CoreModClassTransformer@abbe000 to Target : CLASS {Lnet/minecraft/world/item/BucketItem;} {} {V}
[29Aug2024 14:25:19.102] [main/DEBUG] [cpw.mods.modlauncher.TransformStore/MODLAUNCHER]: Adding transformer net.neoforged.coremod.transformer.CoreModClassTransformer@3f81621c to Target : CLASS {Lnet/minecraft/world/level/block/StairBlock;} {} {V}
[29Aug2024 14:25:19.102] [main/DEBUG] [cpw.mods.modlauncher.TransformStore/MODLAUNCHER]: Adding transformer net.neoforged.coremod.transformer.CoreModClassTransformer@5b9499fe to Target : CLASS {Lnet/minecraft/world/level/block/FlowerPotBlock;} {} {V}
[29Aug2024 14:25:19.102] [main/DEBUG] [cpw.mods.modlauncher.TransformStore/MODLAUNCHER]: Adding transformer net.neoforged.coremod.transformer.CoreModClassTransformer@74d6736 to Target : CLASS {Lnet/minecraft/network/play/client/CClientSettingsPacket;} {} {V}
[29Aug2024 14:25:19.102] [main/DEBUG] [cpw.mods.modlauncher.TransformStore/MODLAUNCHER]: Adding transformer net.neoforged.coremod.transformer.CoreModClassTransformer@52a33c3f to Target : CLASS {Lnet/minecraft/world/entity/EntityType;} {} {V}
[29Aug2024 14:25:19.102] [main/DEBUG] [cpw.mods.modlauncher.TransformStore/MODLAUNCHER]: Adding transformer net.neoforged.coremod.transformer.CoreModClassTransformer@52a33c3f to Target : CLASS {Lnet/minecraft/world/entity/npc/Villager;} {} {V}
[29Aug2024 14:25:19.102] [main/DEBUG] [cpw.mods.modlauncher.TransformStore/MODLAUNCHER]: Adding transformer net.neoforged.coremod.transformer.CoreModClassTransformer@52a33c3f to Target : CLASS {Lnet/minecraft/world/level/levelgen/structure/structures/OceanRuinPieces$OceanRuinPiece;} {} {V}
[29Aug2024 14:25:19.102] [main/DEBUG] [cpw.mods.modlauncher.TransformStore/MODLAUNCHER]: Adding transformer net.neoforged.coremod.transformer.CoreModClassTransformer@52a33c3f to Target : CLASS {Lnet/minecraft/world/entity/animal/horse/SkeletonTrapGoal;} {} {V}
[29Aug2024 14:25:19.103] [main/DEBUG] [cpw.mods.modlauncher.TransformStore/MODLAUNCHER]: Adding transformer net.neoforged.coremod.transformer.CoreModClassTransformer@52a33c3f to Target : CLASS {Lnet/minecraft/world/entity/monster/Evoker$EvokerSummonSpellGoal;} {} {V}
[29Aug2024 14:25:19.103] [main/DEBUG] [cpw.mods.modlauncher.TransformStore/MODLAUNCHER]: Adding transformer net.neoforged.coremod.transformer.CoreModClassTransformer@52a33c3f to Target : CLASS {Lnet/minecraft/world/entity/monster/Spider;} {} {V}
[29Aug2024 14:25:19.103] [main/DEBUG] [cpw.mods.modlauncher.TransformStore/MODLAUNCHER]: Adding transformer net.neoforged.coremod.transformer.CoreModClassTransformer@52a33c3f to Target : CLASS {Lnet/minecraft/world/entity/monster/Zombie;} {} {V}
[29Aug2024 14:25:19.103] [main/DEBUG] [cpw.mods.modlauncher.TransformStore/MODLAUNCHER]: Adding transformer net.neoforged.coremod.transformer.CoreModClassTransformer@52a33c3f to Target : CLASS {Lnet/minecraft/world/entity/npc/CatSpawner;} {} {V}
[29Aug2024 14:25:19.103] [main/DEBUG] [cpw.mods.modlauncher.TransformStore/MODLAUNCHER]: Adding transformer net.neoforged.coremod.transformer.CoreModClassTransformer@52a33c3f to Target : CLASS {Lnet/minecraft/world/level/levelgen/PhantomSpawner;} {} {V}
[29Aug2024 14:25:19.103] [main/DEBUG] [cpw.mods.modlauncher.TransformStore/MODLAUNCHER]: Adding transformer net.neoforged.coremod.transformer.CoreModClassTransformer@52a33c3f to Target : CLASS {Lnet/minecraft/world/level/levelgen/structure/structures/SwampHutPiece;} {} {V}
[29Aug2024 14:25:19.103] [main/DEBUG] [cpw.mods.modlauncher.TransformStore/MODLAUNCHER]: Adding transformer net.neoforged.coremod.transformer.CoreModClassTransformer@52a33c3f to Target : CLASS {Lnet/minecraft/world/entity/monster/ZombieVillager;} {} {V}
[29Aug2024 14:25:19.103] [main/DEBUG] [cpw.mods.modlauncher.TransformStore/MODLAUNCHER]: Adding transformer net.neoforged.coremod.transformer.CoreModClassTransformer@52a33c3f to Target : CLASS {Lnet/minecraft/world/entity/animal/frog/Tadpole;} {} {V}
[29Aug2024 14:25:19.103] [main/DEBUG] [cpw.mods.modlauncher.TransformStore/MODLAUNCHER]: Adding transformer net.neoforged.coremod.transformer.CoreModClassTransformer@52a33c3f to Target : CLASS {Lnet/minecraft/world/level/levelgen/structure/structures/OceanMonumentPieces$OceanMonumentPiece;} {} {V}
[29Aug2024 14:25:19.103] [main/DEBUG] [cpw.mods.modlauncher.TransformStore/MODLAUNCHER]: Adding transformer net.neoforged.coremod.transformer.CoreModClassTransformer@52a33c3f to Target : CLASS {Lnet/minecraft/server/commands/RaidCommand;} {} {V}
[29Aug2024 14:25:19.103] [main/DEBUG] [cpw.mods.modlauncher.TransformStore/MODLAUNCHER]: Adding transformer net.neoforged.coremod.transformer.CoreModClassTransformer@52a33c3f to Target : CLASS {Lnet/minecraft/world/level/levelgen/structure/structures/WoodlandMansionPieces$WoodlandMansionPiece;} {} {V}
[29Aug2024 14:25:19.103] [main/DEBUG] [cpw.mods.modlauncher.TransformStore/MODLAUNCHER]: Adding transformer net.neoforged.coremod.transformer.CoreModClassTransformer@52a33c3f to Target : CLASS {Lnet/minecraft/world/entity/monster/Strider;} {} {V}
[29Aug2024 14:25:19.104] [main/DEBUG] [cpw.mods.modlauncher.TransformStore/MODLAUNCHER]: Adding transformer net.neoforged.coremod.transformer.CoreModClassTransformer@52a33c3f to Target : CLASS {Lnet/minecraft/world/level/levelgen/structure/templatesystem/StructureTemplate;} {} {V}
[29Aug2024 14:25:19.104] [main/DEBUG] [cpw.mods.modlauncher.TransformStore/MODLAUNCHER]: Adding transformer net.neoforged.coremod.transformer.CoreModClassTransformer@52a33c3f to Target : CLASS {Lnet/minecraft/server/commands/SummonCommand;} {} {V}
[29Aug2024 14:25:19.104] [main/DEBUG] [cpw.mods.modlauncher.TransformStore/MODLAUNCHER]: Adding transformer net.neoforged.coremod.transformer.CoreModClassTransformer@52a33c3f to Target : CLASS {Lnet/minecraft/world/entity/ai/village/VillageSiege;} {} {V}
[29Aug2024 14:25:19.104] [main/DEBUG] [cpw.mods.modlauncher.TransformStore/MODLAUNCHER]: Adding transformer net.neoforged.coremod.transformer.CoreModClassTransformer@52a33c3f to Target : CLASS {Lnet/minecraft/world/entity/raid/Raid;} {} {V}
[29Aug2024 14:25:19.104] [main/DEBUG] [cpw.mods.modlauncher.TransformStore/MODLAUNCHER]: Adding transformer net.neoforged.coremod.transformer.CoreModClassTransformer@52a33c3f to Target : CLASS {Lnet/minecraft/world/level/NaturalSpawner;} {} {V}
[29Aug2024 14:25:19.104] [main/DEBUG] [cpw.mods.modlauncher.TransformStore/MODLAUNCHER]: Adding transformer net.neoforged.coremod.transformer.CoreModClassTransformer@52a33c3f to Target : CLASS {Lnet/minecraft/world/level/levelgen/PatrolSpawner;} {} {V}
[29Aug2024 14:25:19.104] [main/DEBUG] [cpw.mods.modlauncher.TransformationServiceDecorator/MODLAUNCHER]: Initialized transformers for transformation service fml
[29Aug2024 14:25:19.136] [background-scan-handler-4/DEBUG] [net.neoforged.fml.loading.moddiscovery.MinecraftLocator/SCAN]: Scan finished: Mod File: /
[29Aug2024 14:25:19.136] [background-scan-handler-4/DEBUG] [net.neoforged.fml.loading.moddiscovery.Scanner/SCAN]: Scanning / with language loader javafml
[29Aug2024 14:25:19.137] [background-scan-handler-4/DEBUG] [net.neoforged.fml.javafmlmod.FMLJavaModLanguageProvider/SCAN]: Found @Mod class net.neoforged.neoforge.common.NeoForgeMod with id neoforge
[29Aug2024 14:25:19.256] [background-scan-handler-1/DEBUG] [net.neoforged.fml.loading.moddiscovery.AbstractJarFileModProvider/SCAN]: Scan finished: Mod File: C:\Users\Casey\.gradle\caches\modules-2\files-2.1\com.blamejared.crafttweaker\CraftTweaker-neoforge-1.20.4\17.0.12\9626f083d37bf829d111619e843cc0c0565877dd\CraftTweaker-neoforge-1.20.4-17.0.12.jar
[29Aug2024 14:25:19.257] [background-scan-handler-1/DEBUG] [net.neoforged.fml.loading.moddiscovery.Scanner/SCAN]: Scanning C:\Users\Casey\.gradle\caches\modules-2\files-2.1\com.blamejared.crafttweaker\CraftTweaker-neoforge-1.20.4\17.0.12\9626f083d37bf829d111619e843cc0c0565877dd\CraftTweaker-neoforge-1.20.4-17.0.12.jar with language loader javafml
[29Aug2024 14:25:19.257] [background-scan-handler-1/DEBUG] [net.neoforged.fml.javafmlmod.FMLJavaModLanguageProvider/SCAN]: Found @Mod class com.blamejared.crafttweaker.CraftTweakerNeoForge with id crafttweaker
[29Aug2024 14:25:19.293] [main/DEBUG] [mixin/]: Processing prepare() for PlatformAgent[MixinPlatformAgentDefault:ModLauncher Root Container(ModLauncher:4f56a0a2)]
[29Aug2024 14:25:19.293] [main/DEBUG] [mixin/]: Processing prepare() for PlatformAgent[MixinPlatformAgentDefault:net.neoforged.fml.loading.mixin.FMLMixinContainerHandle@7fd26ad8]
[29Aug2024 14:25:19.293] [main/DEBUG] [mixin/]: Processing prepare() for PlatformAgent[FMLMixinPlatformAgent:null]
[29Aug2024 14:25:19.347] [main/DEBUG] [mixin/]: Compatibility level JAVA_17 specified by crafttweaker.mixins.json is higher than the maximum level supported by this version of mixin (JAVA_13).
[29Aug2024 14:25:19.351] [main/INFO] [mixin/]: Compatibility level set to JAVA_17
[29Aug2024 14:25:19.357] [main/DEBUG] [mixin/]: Processing launch tasks for PlatformAgent[MixinPlatformAgentDefault:ModLauncher Root Container(ModLauncher:4f56a0a2)]
[29Aug2024 14:25:19.357] [main/DEBUG] [mixin/]: Adding mixin platform agents for container SecureJarResource(mixinsynthetic)
[29Aug2024 14:25:19.357] [main/DEBUG] [mixin/]: Instancing new MixinPlatformAgentMinecraftForge for SecureJarResource(mixinsynthetic)
[29Aug2024 14:25:19.357] [main/DEBUG] [mixin/]: MixinPlatformAgentMinecraftForge rejected container SecureJarResource(mixinsynthetic)
[29Aug2024 14:25:19.357] [main/DEBUG] [mixin/]: Instancing new MixinPlatformAgentDefault for SecureJarResource(mixinsynthetic)
[29Aug2024 14:25:19.357] [main/DEBUG] [mixin/]: MixinPlatformAgentDefault accepted container SecureJarResource(mixinsynthetic)
[29Aug2024 14:25:19.357] [main/DEBUG] [mixin/]: Instancing new FMLMixinPlatformAgent for SecureJarResource(mixinsynthetic)
[29Aug2024 14:25:19.358] [main/DEBUG] [mixin/]: FMLMixinPlatformAgent rejected container SecureJarResource(mixinsynthetic)
[29Aug2024 14:25:19.358] [main/DEBUG] [mixin/]: Processing prepare() for PlatformAgent[MixinPlatformAgentDefault:SecureJarResource(mixinsynthetic)]
[29Aug2024 14:25:19.358] [main/DEBUG] [mixin/]: Adding mixin platform agents for container SecureJarResource(minecraft)
[29Aug2024 14:25:19.358] [main/DEBUG] [mixin/]: Instancing new MixinPlatformAgentMinecraftForge for SecureJarResource(minecraft)
[29Aug2024 14:25:19.358] [main/DEBUG] [mixin/]: MixinPlatformAgentMinecraftForge rejected container SecureJarResource(minecraft)
[29Aug2024 14:25:19.358] [main/DEBUG] [mixin/]: Instancing new MixinPlatformAgentDefault for SecureJarResource(minecraft)
[29Aug2024 14:25:19.358] [main/DEBUG] [mixin/]: MixinPlatformAgentDefault accepted container SecureJarResource(minecraft)
[29Aug2024 14:25:19.358] [main/DEBUG] [mixin/]: Instancing new FMLMixinPlatformAgent for SecureJarResource(minecraft)
[29Aug2024 14:25:19.358] [main/DEBUG] [mixin/]: FMLMixinPlatformAgent rejected container SecureJarResource(minecraft)
[29Aug2024 14:25:19.358] [main/DEBUG] [mixin/]: Processing prepare() for PlatformAgent[MixinPlatformAgentDefault:SecureJarResource(minecraft)]
[29Aug2024 14:25:19.358] [main/DEBUG] [mixin/]: Adding mixin platform agents for container SecureJarResource(crafttweaker)
[29Aug2024 14:25:19.359] [main/DEBUG] [mixin/]: Instancing new MixinPlatformAgentMinecraftForge for SecureJarResource(crafttweaker)
[29Aug2024 14:25:19.359] [main/DEBUG] [mixin/]: MixinPlatformAgentMinecraftForge rejected container SecureJarResource(crafttweaker)
[29Aug2024 14:25:19.359] [main/DEBUG] [mixin/]: Instancing new MixinPlatformAgentDefault for SecureJarResource(crafttweaker)
[29Aug2024 14:25:19.359] [main/DEBUG] [mixin/]: MixinPlatformAgentDefault accepted container SecureJarResource(crafttweaker)
[29Aug2024 14:25:19.359] [main/DEBUG] [mixin/]: Instancing new FMLMixinPlatformAgent for SecureJarResource(crafttweaker)
[29Aug2024 14:25:19.359] [main/DEBUG] [mixin/]: FMLMixinPlatformAgent rejected container SecureJarResource(crafttweaker)
[29Aug2024 14:25:19.359] [main/DEBUG] [mixin/]: Processing prepare() for PlatformAgent[MixinPlatformAgentDefault:SecureJarResource(crafttweaker)]
[29Aug2024 14:25:19.359] [main/DEBUG] [mixin/]: Adding mixin platform agents for container SecureJarResource(framework)
[29Aug2024 14:25:19.359] [main/DEBUG] [mixin/]: Instancing new MixinPlatformAgentMinecraftForge for SecureJarResource(framework)
[29Aug2024 14:25:19.360] [main/DEBUG] [mixin/]: MixinPlatformAgentMinecraftForge rejected container SecureJarResource(framework)
[29Aug2024 14:25:19.360] [main/DEBUG] [mixin/]: Instancing new MixinPlatformAgentDefault for SecureJarResource(framework)
[29Aug2024 14:25:19.360] [main/DEBUG] [mixin/]: MixinPlatformAgentDefault accepted container SecureJarResource(framework)
[29Aug2024 14:25:19.360] [main/DEBUG] [mixin/]: Instancing new FMLMixinPlatformAgent for SecureJarResource(framework)
[29Aug2024 14:25:19.360] [main/DEBUG] [mixin/]: FMLMixinPlatformAgent rejected container SecureJarResource(framework)
[29Aug2024 14:25:19.360] [main/DEBUG] [mixin/]: Processing prepare() for PlatformAgent[MixinPlatformAgentDefault:SecureJarResource(framework)]
[29Aug2024 14:25:19.360] [main/DEBUG] [mixin/]: Adding mixin platform agents for container SecureJarResource(mighty_mail)
[29Aug2024 14:25:19.360] [main/DEBUG] [mixin/]: Instancing new MixinPlatformAgentMinecraftForge for SecureJarResource(mighty_mail)
[29Aug2024 14:25:19.360] [main/DEBUG] [mixin/]: MixinPlatformAgentMinecraftForge rejected container SecureJarResource(mighty_mail)
[29Aug2024 14:25:19.360] [main/DEBUG] [mixin/]: Instancing new MixinPlatformAgentDefault for SecureJarResource(mighty_mail)
[29Aug2024 14:25:19.360] [main/DEBUG] [mixin/]: MixinPlatformAgentDefault accepted container SecureJarResource(mighty_mail)
[29Aug2024 14:25:19.360] [main/DEBUG] [mixin/]: Instancing new FMLMixinPlatformAgent for SecureJarResource(mighty_mail)
[29Aug2024 14:25:19.361] [main/DEBUG] [mixin/]: FMLMixinPlatformAgent rejected container SecureJarResource(mighty_mail)
[29Aug2024 14:25:19.361] [main/DEBUG] [mixin/]: Processing prepare() for PlatformAgent[MixinPlatformAgentDefault:SecureJarResource(mighty_mail)]
[29Aug2024 14:25:19.361] [main/DEBUG] [mixin/]: Adding mixin platform agents for container SecureJarResource(neoforge)
[29Aug2024 14:25:19.361] [main/DEBUG] [mixin/]: Instancing new MixinPlatformAgentMinecraftForge for SecureJarResource(neoforge)
[29Aug2024 14:25:19.361] [main/DEBUG] [mixin/]: MixinPlatformAgentMinecraftForge rejected container SecureJarResource(neoforge)
[29Aug2024 14:25:19.361] [main/DEBUG] [mixin/]: Instancing new MixinPlatformAgentDefault for SecureJarResource(neoforge)
[29Aug2024 14:25:19.361] [main/DEBUG] [mixin/]: MixinPlatformAgentDefault accepted container SecureJarResource(neoforge)
[29Aug2024 14:25:19.361] [main/DEBUG] [mixin/]: Instancing new FMLMixinPlatformAgent for SecureJarResource(neoforge)
[29Aug2024 14:25:19.361] [main/DEBUG] [mixin/]: FMLMixinPlatformAgent rejected container SecureJarResource(neoforge)
[29Aug2024 14:25:19.361] [main/DEBUG] [mixin/]: Processing prepare() for PlatformAgent[MixinPlatformAgentDefault:SecureJarResource(neoforge)]
[29Aug2024 14:25:19.361] [main/DEBUG] [mixin/]: Adding mixin platform agents for container SecureJarResource(catalogue)
[29Aug2024 14:25:19.362] [main/DEBUG] [mixin/]: Instancing new MixinPlatformAgentMinecraftForge for SecureJarResource(catalogue)
[29Aug2024 14:25:19.362] [main/DEBUG] [mixin/]: MixinPlatformAgentMinecraftForge rejected container SecureJarResource(catalogue)
[29Aug2024 14:25:19.362] [main/DEBUG] [mixin/]: Instancing new MixinPlatformAgentDefault for SecureJarResource(catalogue)
[29Aug2024 14:25:19.362] [main/DEBUG] [mixin/]: MixinPlatformAgentDefault accepted container SecureJarResource(catalogue)
[29Aug2024 14:25:19.362] [main/DEBUG] [mixin/]: Instancing new FMLMixinPlatformAgent for SecureJarResource(catalogue)
[29Aug2024 14:25:19.362] [main/DEBUG] [mixin/]: FMLMixinPlatformAgent rejected container SecureJarResource(catalogue)
[29Aug2024 14:25:19.362] [main/DEBUG] [mixin/]: Processing prepare() for PlatformAgent[MixinPlatformAgentDefault:SecureJarResource(catalogue)]
[29Aug2024 14:25:19.362] [main/DEBUG] [mixin/]: Adding mixin platform agents for container SecureJarResource(refurbished_furniture)
[29Aug2024 14:25:19.362] [main/DEBUG] [mixin/]: Instancing new MixinPlatformAgentMinecraftForge for SecureJarResource(refurbished_furniture)
[29Aug2024 14:25:19.362] [main/DEBUG] [mixin/]: MixinPlatformAgentMinecraftForge rejected container SecureJarResource(refurbished_furniture)
[29Aug2024 14:25:19.362] [main/DEBUG] [mixin/]: Instancing new MixinPlatformAgentDefault for SecureJarResource(refurbished_furniture)
[29Aug2024 14:25:19.362] [main/DEBUG] [mixin/]: MixinPlatformAgentDefault accepted container SecureJarResource(refurbished_furniture)
[29Aug2024 14:25:19.363] [main/DEBUG] [mixin/]: Instancing new FMLMixinPlatformAgent for SecureJarResource(refurbished_furniture)
[29Aug2024 14:25:19.363] [main/DEBUG] [mixin/]: FMLMixinPlatformAgent rejected container SecureJarResource(refurbished_furniture)
[29Aug2024 14:25:19.363] [main/DEBUG] [mixin/]: Processing prepare() for PlatformAgent[MixinPlatformAgentDefault:SecureJarResource(refurbished_furniture)]
[29Aug2024 14:25:19.363] [main/DEBUG] [mixin/]: Adding mixin platform agents for container SecureJarResource(mixinextras.neoforge)
[29Aug2024 14:25:19.363] [main/DEBUG] [mixin/]: Instancing new MixinPlatformAgentMinecraftForge for SecureJarResource(mixinextras.neoforge)
[29Aug2024 14:25:19.363] [main/DEBUG] [mixin/]: MixinPlatformAgentMinecraftForge rejected container SecureJarResource(mixinextras.neoforge)
[29Aug2024 14:25:19.363] [main/DEBUG] [mixin/]: Instancing new MixinPlatformAgentDefault for SecureJarResource(mixinextras.neoforge)
[29Aug2024 14:25:19.363] [main/DEBUG] [mixin/]: MixinPlatformAgentDefault accepted container SecureJarResource(mixinextras.neoforge)
[29Aug2024 14:25:19.363] [main/DEBUG] [mixin/]: Instancing new FMLMixinPlatformAgent for SecureJarResource(mixinextras.neoforge)
[29Aug2024 14:25:19.363] [main/DEBUG] [mixin/]: FMLMixinPlatformAgent rejected container SecureJarResource(mixinextras.neoforge)
[29Aug2024 14:25:19.363] [main/DEBUG] [mixin/]: Processing prepare() for PlatformAgent[MixinPlatformAgentDefault:SecureJarResource(mixinextras.neoforge)]
[29Aug2024 14:25:19.363] [main/DEBUG] [mixin/]: Registering mixin config: mixinextras.init.mixins.json
[29Aug2024 14:25:19.366] [main/DEBUG] [mixin/]: inject() running with 11 agents
[29Aug2024 14:25:19.366] [main/DEBUG] [mixin/]: Processing inject() for PlatformAgent[MixinPlatformAgentDefault:ModLauncher Root Container(ModLauncher:4f56a0a2)]
[29Aug2024 14:25:19.366] [main/DEBUG] [mixin/]: Processing inject() for PlatformAgent[MixinPlatformAgentDefault:net.neoforged.fml.loading.mixin.FMLMixinContainerHandle@7fd26ad8]
[29Aug2024 14:25:19.366] [main/DEBUG] [mixin/]: Processing inject() for PlatformAgent[FMLMixinPlatformAgent:null]
[29Aug2024 14:25:19.366] [main/DEBUG] [mixin/]: Processing inject() for PlatformAgent[MixinPlatformAgentDefault:SecureJarResource(mixinsynthetic)]
[29Aug2024 14:25:19.366] [main/DEBUG] [mixin/]: Processing inject() for PlatformAgent[MixinPlatformAgentDefault:SecureJarResource(minecraft)]
[29Aug2024 14:25:19.366] [main/DEBUG] [mixin/]: Processing inject() for PlatformAgent[MixinPlatformAgentDefault:SecureJarResource(crafttweaker)]
[29Aug2024 14:25:19.367] [main/DEBUG] [mixin/]: Processing inject() for PlatformAgent[MixinPlatformAgentDefault:SecureJarResource(framework)]
[29Aug2024 14:25:19.367] [main/DEBUG] [mixin/]: Processing inject() for PlatformAgent[MixinPlatformAgentDefault:SecureJarResource(mighty_mail)]
[29Aug2024 14:25:19.367] [main/DEBUG] [mixin/]: Processing inject() for PlatformAgent[MixinPlatformAgentDefault:SecureJarResource(neoforge)]
[29Aug2024 14:25:19.367] [main/DEBUG] [mixin/]: Processing inject() for PlatformAgent[MixinPlatformAgentDefault:SecureJarResource(catalogue)]
[29Aug2024 14:25:19.367] [main/DEBUG] [mixin/]: Processing inject() for PlatformAgent[MixinPlatformAgentDefault:SecureJarResource(refurbished_furniture)]
[29Aug2024 14:25:19.367] [main/DEBUG] [mixin/]: Processing inject() for PlatformAgent[MixinPlatformAgentDefault:SecureJarResource(mixinextras.neoforge)]
[29Aug2024 14:25:19.367] [main/INFO] [cpw.mods.modlauncher.LaunchServiceHandler/MODLAUNCHER]: Launching target 'forgeclientuserdev' with arguments [--version, 20.4.237, --gameDir, ., --assetsDir, C:\Users\Casey\.gradle\caches\minecraft\assets\1.20.4, --assetIndex, asset-index]
[29Aug2024 14:25:19.448] [main/DEBUG] [mixin/]: Error cleaning class output directory: .mixin.out
[29Aug2024 14:25:19.460] [main/DEBUG] [mixin/]: Preparing mixins for MixinEnvironment[DEFAULT]
[29Aug2024 14:25:19.460] [main/DEBUG] [mixin/]: Selecting config crafttweaker.mixins.json
[29Aug2024 14:25:19.475] [main/WARN] [mixin/]: Reference map 'crafttweaker.refmap.json' for crafttweaker.mixins.json could not be read. If this is a development environment you can ignore this message
[29Aug2024 14:25:19.475] [main/DEBUG] [mixin/]: Selecting config crafttweaker.neoforge.mixins.json
[29Aug2024 14:25:19.487] [main/WARN] [mixin/]: Reference map 'crafttweaker.refmap.json' for crafttweaker.neoforge.mixins.json could not be read. If this is a development environment you can ignore this message
[29Aug2024 14:25:19.487] [main/DEBUG] [mixin/]: Selecting config refurbished_furniture.common.mixins.json
[29Aug2024 14:25:19.499] [main/WARN] [mixin/]: Reference map 'refurbished_furniture.refmap.json' for refurbished_furniture.common.mixins.json could not be read. If this is a development environment you can ignore this message
[29Aug2024 14:25:19.500] [main/DEBUG] [mixin/]: Selecting config mixinextras.init.mixins.json
[29Aug2024 14:25:19.525] [main/DEBUG] [MixinExtras|Service/]: com.llamalad7.mixinextras.service.MixinExtrasServiceImpl(version=0.3.5) is taking over from null
[29Aug2024 14:25:19.561] [main/DEBUG] [mixin/]: Registering new injector for @Inject with org.spongepowered.asm.mixin.injection.struct.CallbackInjectionInfo
[29Aug2024 14:25:19.563] [main/DEBUG] [mixin/]: Registering new injector for @ModifyArg with org.spongepowered.asm.mixin.injection.struct.ModifyArgInjectionInfo
[29Aug2024 14:25:19.564] [main/DEBUG] [mixin/]: Registering new injector for @ModifyArgs with org.spongepowered.asm.mixin.injection.struct.ModifyArgsInjectionInfo
[29Aug2024 14:25:19.566] [main/DEBUG] [mixin/]: Registering new injector for @Redirect with org.spongepowered.asm.mixin.injection.struct.RedirectInjectionInfo
[29Aug2024 14:25:19.568] [main/DEBUG] [mixin/]: Registering new injector for @ModifyVariable with org.spongepowered.asm.mixin.injection.struct.ModifyVariableInjectionInfo
[29Aug2024 14:25:19.570] [main/DEBUG] [mixin/]: Registering new injector for @ModifyConstant with org.spongepowered.asm.mixin.injection.struct.ModifyConstantInjectionInfo
[29Aug2024 14:25:19.601] [main/DEBUG] [mixin/]: Preparing crafttweaker.mixins.json (38)
[29Aug2024 14:25:19.682] [main/TRACE] [mixin/]: Added class metadata for net/minecraft/world/level/storage/loot/parameters/LootContextParamSets to metadata cache
[29Aug2024 14:25:19.687] [main/TRACE] [mixin/]: Added class metadata for net/minecraft/world/level/block/AbstractCauldronBlock to metadata cache
[29Aug2024 14:25:19.692] [main/DEBUG] [net.neoforged.accesstransformer.AccessTransformer/AXFORM]: Transforming net.minecraft.world.level.block.state.BlockBehaviour METHOD propertiesCodec()Lcom/mojang/serialization/codecs/RecordCodecBuilder; to access PUBLIC and LEAVE
[29Aug2024 14:25:19.697] [main/TRACE] [mixin/]: Added class metadata for net/minecraft/world/level/block/state/BlockBehaviour to metadata cache
[29Aug2024 14:25:19.701] [main/TRACE] [mixin/]: Added class metadata for net/minecraft/world/level/block/state/BlockBehaviour$BlockStateBase to metadata cache
[29Aug2024 14:25:19.702] [main/TRACE] [mixin/]: Added class metadata for net/minecraft/world/entity/ai/attributes/AttributeModifier to metadata cache
[29Aug2024 14:25:19.704] [main/TRACE] [mixin/]: Added class metadata for net/minecraft/world/entity/item/FallingBlockEntity to metadata cache
[29Aug2024 14:25:19.706] [main/TRACE] [mixin/]: Added class metadata for net/minecraft/world/entity/LightningBolt to metadata cache
[29Aug2024 14:25:19.707] [main/TRACE] [mixin/]: Added class metadata for net/minecraft/world/food/FoodProperties to metadata cache
[29Aug2024 14:25:19.708] [main/DEBUG] [net.neoforged.accesstransformer.AccessTransformer/AXFORM]: Transforming net.minecraft.world.item.crafting.Ingredient INNERCLASS Value to access PUBLIC and LEAVE
[29Aug2024 14:25:19.709] [main/DEBUG] [net.neoforged.accesstransformer.AccessTransformer/AXFORM]: Transforming net.minecraft.world.item.crafting.Ingredient INNERCLASS TagValue to access PUBLIC and LEAVE
[29Aug2024 14:25:19.709] [main/DEBUG] [net.neoforged.accesstransformer.AccessTransformer/AXFORM]: Transforming net.minecraft.world.item.crafting.Ingredient INNERCLASS ItemValue to access PUBLIC and LEAVE
[29Aug2024 14:25:19.709] [main/DEBUG] [net.neoforged.accesstransformer.AccessTransformer/AXFORM]: Transforming net.minecraft.world.item.crafting.Ingredient CLASS to access PUBLIC and REMOVEFINAL
[29Aug2024 14:25:19.713] [main/DEBUG] [net.neoforged.accesstransformer.AccessTransformer/AXFORM]: Transforming net.minecraft.world.item.crafting.Ingredient FIELD values to access PUBLIC and LEAVE
[29Aug2024 14:25:19.713] [main/DEBUG] [net.neoforged.accesstransformer.AccessTransformer/AXFORM]: Transforming net.minecraft.world.item.crafting.Ingredient METHOD <init>(Ljava/util/stream/Stream;)V to access PROTECTED and LEAVE
[29Aug2024 14:25:19.713] [main/DEBUG] [net.neoforged.accesstransformer.AccessTransformer/AXFORM]: Transforming net.minecraft.world.item.crafting.Ingredient METHOD toNetwork(Lnet/minecraft/network/FriendlyByteBuf;)V to access PUBLIC and MAKEFINAL
[29Aug2024 14:25:19.713] [main/DEBUG] [net.neoforged.accesstransformer.AccessTransformer/AXFORM]: Transforming net.minecraft.world.item.crafting.Ingredient METHOD fromValues(Ljava/util/stream/Stream;)Lnet/minecraft/world/item/crafting/Ingredient; to access PUBLIC and LEAVE
[29Aug2024 14:25:19.717] [main/TRACE] [mixin/]: Added class metadata for net/minecraft/world/item/crafting/Ingredient to metadata cache
[29Aug2024 14:25:19.719] [main/TRACE] [mixin/]: Added class metadata for net/minecraft/world/item/Item to metadata cache
[29Aug2024 14:25:19.725] [main/TRACE] [mixin/]: Added class metadata for net/minecraft/world/level/Explosion to metadata cache
[29Aug2024 14:25:19.726] [main/DEBUG] [net.neoforged.accesstransformer.AccessTransformer/AXFORM]: Transforming net.minecraft.world.damagesource.DamageSources FIELD damageTypes to access PUBLIC and LEAVE
[29Aug2024 14:25:19.726] [main/DEBUG] [net.neoforged.accesstransformer.AccessTransformer/AXFORM]: Transforming net.minecraft.world.damagesource.DamageSources METHOD source(Lnet/minecraft/resources/ResourceKey;)Lnet/minecraft/world/damagesource/DamageSource; to access PUBLIC and LEAVE
[29Aug2024 14:25:19.726] [main/DEBUG] [net.neoforged.accesstransformer.AccessTransformer/AXFORM]: Transforming net.minecraft.world.damagesource.DamageSources METHOD source(Lnet/minecraft/resources/ResourceKey;Lnet/minecraft/world/entity/Entity;)Lnet/minecraft/world/damagesource/DamageSource; to access PUBLIC and LEAVE
[29Aug2024 14:25:19.727] [main/DEBUG] [net.neoforged.accesstransformer.AccessTransformer/AXFORM]: Transforming net.minecraft.world.damagesource.DamageSources METHOD source(Lnet/minecraft/resources/ResourceKey;Lnet/minecraft/world/entity/Entity;Lnet/minecraft/world/entity/Entity;)Lnet/minecraft/world/damagesource/DamageSource; to access PUBLIC and LEAVE
[29Aug2024 14:25:19.731] [main/TRACE] [mixin/]: Added class metadata for net/minecraft/world/damagesource/DamageSources to metadata cache
[29Aug2024 14:25:19.732] [main/TRACE] [mixin/]: Added class metadata for net/minecraft/world/level/storage/loot/LootContext to metadata cache
[29Aug2024 14:25:19.735] [main/TRACE] [mixin/]: Added class metadata for net/minecraft/world/level/storage/loot/LootContext$Builder to metadata cache
[29Aug2024 14:25:19.738] [main/TRACE] [mixin/]: Added class metadata for net/minecraft/world/level/storage/loot/LootTable to metadata cache
[29Aug2024 14:25:19.741] [main/TRACE] [mixin/]: Added class metadata for net/minecraft/advancements/critereon/StatePropertiesPredicate$Builder to metadata cache
[29Aug2024 14:25:19.743] [main/TRACE] [mixin/]: Added class metadata for net/minecraft/world/item/crafting/RecipeManager to metadata cache
[29Aug2024 14:25:19.745] [main/TRACE] [mixin/]: Added class metadata for net/minecraft/world/item/crafting/SmithingTransformRecipe to metadata cache
[29Aug2024 14:25:19.745] [main/TRACE] [mixin/]: Added class metadata for net/minecraft/world/item/crafting/SmithingTrimRecipe to metadata cache
[29Aug2024 14:25:19.747] [main/DEBUG] [net.neoforged.accesstransformer.AccessTransformer/AXFORM]: Transforming net.minecraft.core.MappedRegistry FIELD unregisteredIntrusiveHolders to access PROTECTED and LEAVE
[29Aug2024 14:25:19.749] [main/TRACE] [mixin/]: Added class metadata for net/minecraft/core/MappedRegistry to metadata cache
[29Aug2024 14:25:19.750] [main/DEBUG] [net.neoforged.accesstransformer.AccessTransformer/AXFORM]: Transforming net.minecraft.core.RegistrySynchronization INNERCLASS NetworkedRegistryData to access PUBLIC and LEAVE
[29Aug2024 14:25:19.751] [main/TRACE] [mixin/]: Added class metadata for net/minecraft/core/RegistrySynchronization to metadata cache
[29Aug2024 14:25:19.754] [main/DEBUG] [net.neoforged.accesstransformer.AccessTransformer/AXFORM]: Transforming net.minecraft.server.MinecraftServer INNERCLASS ReloadableResources to access PUBLIC and LEAVE
[29Aug2024 14:25:19.754] [main/DEBUG] [net.neoforged.accesstransformer.AccessTransformer/AXFORM]: Transforming net.minecraft.server.MinecraftServer FIELD nextTickTimeNanos to access PROTECTED and LEAVE
[29Aug2024 14:25:19.765] [main/TRACE] [mixin/]: Added class metadata for net/minecraft/server/MinecraftServer to metadata cache
[29Aug2024 14:25:19.766] [main/TRACE] [mixin/]: Added class metadata for net/minecraft/server/ReloadableServerResources to metadata cache
[29Aug2024 14:25:19.767] [main/TRACE] [mixin/]: Added class metadata for net/minecraft/tags/TagManager to metadata cache
[29Aug2024 14:25:19.768] [main/DEBUG] [net.neoforged.accesstransformer.AccessTransformer/AXFORM]: Transforming net.minecraft.world.entity.npc.VillagerTrades$DyedArmorForEmeralds CLASS to access PUBLIC and LEAVE
[29Aug2024 14:25:19.769] [main/TRACE] [mixin/]: Added class metadata for net/minecraft/world/entity/npc/VillagerTrades$DyedArmorForEmeralds to metadata cache
[29Aug2024 14:25:19.770] [main/DEBUG] [net.neoforged.accesstransformer.AccessTransformer/AXFORM]: Transforming net.minecraft.world.entity.npc.VillagerTrades$EmeraldForItems CLASS to access PUBLIC and LEAVE
[29Aug2024 14:25:19.770] [main/TRACE] [mixin/]: Added class metadata for net/minecraft/world/entity/npc/VillagerTrades$EmeraldForItems to metadata cache
[29Aug2024 14:25:19.771] [main/DEBUG] [net.neoforged.accesstransformer.AccessTransformer/AXFORM]: Transforming net.minecraft.world.entity.npc.VillagerTrades$EnchantedItemForEmeralds CLASS to access PUBLIC and LEAVE
[29Aug2024 14:25:19.772] [main/TRACE] [mixin/]: Added class metadata for net/minecraft/world/entity/npc/VillagerTrades$EnchantedItemForEmeralds to metadata cache
[29Aug2024 14:25:19.773] [main/DEBUG] [net.neoforged.accesstransformer.AccessTransformer/AXFORM]: Transforming net.minecraft.world.entity.npc.VillagerTrades$ItemsAndEmeraldsToItems CLASS to access PUBLIC and LEAVE
[29Aug2024 14:25:19.774] [main/TRACE] [mixin/]: Added class metadata for net/minecraft/world/entity/npc/VillagerTrades$ItemsAndEmeraldsToItems to metadata cache
[29Aug2024 14:25:19.775] [main/DEBUG] [net.neoforged.accesstransformer.AccessTransformer/AXFORM]: Transforming net.minecraft.world.entity.npc.VillagerTrades$ItemsForEmeralds CLASS to access PUBLIC and LEAVE
[29Aug2024 14:25:19.775] [main/TRACE] [mixin/]: Added class metadata for net/minecraft/world/entity/npc/VillagerTrades$ItemsForEmeralds to metadata cache
[29Aug2024 14:25:19.780] [main/DEBUG] [net.neoforged.accesstransformer.AccessTransformer/AXFORM]: Transforming net.minecraft.world.entity.npc.VillagerTrades$TippedArrowForItemsAndEmeralds CLASS to access PUBLIC and LEAVE
[29Aug2024 14:25:19.782] [main/TRACE] [mixin/]: Added class metadata for net/minecraft/world/entity/npc/VillagerTrades$TippedArrowForItemsAndEmeralds to metadata cache
[29Aug2024 14:25:19.785] [main/DEBUG] [net.neoforged.accesstransformer.AccessTransformer/AXFORM]: Transforming net.minecraft.world.item.crafting.Ingredient$TagValue CLASS to access PUBLIC and LEAVE
[29Aug2024 14:25:19.785] [main/DEBUG] [net.neoforged.accesstransformer.AccessTransformer/AXFORM]: Transforming net.minecraft.world.item.crafting.Ingredient$TagValue METHOD <init>(Lnet/minecraft/tags/TagKey;)V to access PUBLIC and LEAVE
[29Aug2024 14:25:19.787] [main/TRACE] [mixin/]: Added class metadata for net/minecraft/world/item/crafting/Ingredient$TagValue to metadata cache
[29Aug2024 14:25:19.788] [main/TRACE] [mixin/]: Added class metadata for net/minecraft/world/level/storage/loot/LootDataManager to metadata cache
[29Aug2024 14:25:19.790] [main/DEBUG] [net.neoforged.accesstransformer.AccessTransformer/AXFORM]: Transforming net.minecraft.server.level.ServerLevel METHOD getEntities()Lnet/minecraft/world/level/entity/LevelEntityGetter; to access PUBLIC and LEAVE
[29Aug2024 14:25:19.798] [main/TRACE] [mixin/]: Added class metadata for net/minecraft/server/level/ServerLevel to metadata cache
[29Aug2024 14:25:19.800] [main/DEBUG] [net.neoforged.accesstransformer.AccessTransformer/AXFORM]: Transforming net.minecraft.client.multiplayer.ClientCommonPacketListenerImpl FIELD connection to access PUBLIC and LEAVE
[29Aug2024 14:25:19.801] [main/DEBUG] [net.neoforged.fml.common.asm.RuntimeDistCleaner/DISTXFORM]: Removing Class Annotation: net/minecraft/client/multiplayer/ClientCommonPacketListenerImpl @Lnet/neoforged/api/distmarker/OnlyIn;
[29Aug2024 14:25:19.802] [main/TRACE] [mixin/]: Added class metadata for net/minecraft/client/multiplayer/ClientCommonPacketListenerImpl to metadata cache
[29Aug2024 14:25:19.803] [main/DEBUG] [mixin/]: Preparing crafttweaker.neoforge.mixins.json (9)
[29Aug2024 14:25:19.807] [main/TRACE] [mixin/]: Added class metadata for net/neoforged/neoforge/common/brewing/BrewingRecipeRegistry to metadata cache
[29Aug2024 14:25:19.808] [main/DEBUG] [net.neoforged.accesstransformer.AccessTransformer/AXFORM]: Transforming net.minecraft.world.item.alchemy.PotionBrewing INNERCLASS Mix to access PUBLIC and LEAVE
[29Aug2024 14:25:19.810] [main/TRACE] [mixin/]: Added class metadata for net/minecraft/world/item/alchemy/PotionBrewing to metadata cache
[29Aug2024 14:25:19.811] [main/TRACE] [mixin/]: Added class metadata for net/neoforged/neoforge/common/util/FakePlayerFactory to metadata cache
[29Aug2024 14:25:19.813] [main/TRACE] [mixin/]: Added class metadata for net/neoforged/neoforge/common/NeoForgeEventHandler to metadata cache
[29Aug2024 14:25:19.817] [main/TRACE] [mixin/]: Added class metadata for net/neoforged/neoforge/common/loot/LootModifierManager to metadata cache
[29Aug2024 14:25:19.818] [main/TRACE] [mixin/]: Added class metadata for net/neoforged/neoforge/common/BasicItemListing to metadata cache
[29Aug2024 14:25:19.819] [main/TRACE] [mixin/]: Added class metadata for net/neoforged/neoforge/event/ItemAttributeModifierEvent to metadata cache
[29Aug2024 14:25:19.819] [main/DEBUG] [mixin/]: Preparing refurbished_furniture.common.mixins.json (12)
[29Aug2024 14:25:19.830] [main/TRACE] [mixin/]: Added class metadata for net/minecraft/world/level/block/entity/BlockEntity to metadata cache
[29Aug2024 14:25:19.849] [main/DEBUG] [net.neoforged.accesstransformer.AccessTransformer/AXFORM]: Transforming net.minecraft.world.entity.Entity FIELD ENTITY_COUNTER to access PROTECTED and LEAVE
[29Aug2024 14:25:19.849] [main/DEBUG] [net.neoforged.accesstransformer.AccessTransformer/AXFORM]: Transforming net.minecraft.world.entity.Entity METHOD getEncodeId()Ljava/lang/String; to access PUBLIC and LEAVE
[29Aug2024 14:25:19.867] [main/TRACE] [mixin/]: Added class metadata for net/minecraft/world/entity/Entity to metadata cache
[29Aug2024 14:25:19.875] [main/TRACE] [mixin/]: Added class metadata for net/minecraft/world/level/chunk/LevelChunk to metadata cache
[29Aug2024 14:25:19.883] [main/DEBUG] [net.neoforged.accesstransformer.AccessTransformer/AXFORM]: Transforming net.minecraft.world.level.Level FIELD oRainLevel to access PUBLIC and LEAVE
[29Aug2024 14:25:19.883] [main/DEBUG] [net.neoforged.accesstransformer.AccessTransformer/AXFORM]: Transforming net.minecraft.world.level.Level FIELD rainLevel to access PUBLIC and LEAVE
[29Aug2024 14:25:19.884] [main/DEBUG] [net.neoforged.accesstransformer.AccessTransformer/AXFORM]: Transforming net.minecraft.world.level.Level FIELD oThunderLevel to access PUBLIC and LEAVE
[29Aug2024 14:25:19.884] [main/DEBUG] [net.neoforged.accesstransformer.AccessTransformer/AXFORM]: Transforming net.minecraft.world.level.Level FIELD thunderLevel to access PUBLIC and LEAVE
[29Aug2024 14:25:19.889] [main/TRACE] [mixin/]: Added class metadata for net/minecraft/world/level/Level to metadata cache
[29Aug2024 14:25:19.898] [main/DEBUG] [net.neoforged.accesstransformer.AccessTransformer/AXFORM]: Transforming net.minecraft.world.entity.LivingEntity METHOD spawnItemParticles(Lnet/minecraft/world/item/ItemStack;I)V to access PUBLIC and LEAVE
[29Aug2024 14:25:19.930] [main/TRACE] [mixin/]: Added class metadata for net/minecraft/world/entity/LivingEntity to metadata cache
[29Aug2024 14:25:19.937] [main/DEBUG] [net.neoforged.fml.common.asm.RuntimeDistCleaner/DISTXFORM]: Removing Class Annotation: net/minecraft/client/gui/components/AbstractSelectionList @Lnet/neoforged/api/distmarker/OnlyIn;
[29Aug2024 14:25:19.942] [main/TRACE] [mixin/]: Added class metadata for net/minecraft/client/gui/components/AbstractSelectionList to metadata cache
[29Aug2024 14:25:19.943] [main/DEBUG] [net.neoforged.fml.common.asm.RuntimeDistCleaner/DISTXFORM]: Removing Class Annotation: net/minecraft/client/ClientRecipeBook @Lnet/neoforged/api/distmarker/OnlyIn;
[29Aug2024 14:25:19.944] [main/TRACE] [mixin/]: Added class metadata for net/minecraft/client/ClientRecipeBook to metadata cache
[29Aug2024 14:25:19.949] [main/DEBUG] [net.neoforged.accesstransformer.AccessTransformer/AXFORM]: Transforming net.minecraft.client.gui.screens.inventory.CreativeModeInventoryScreen FIELD selectedTab to access PUBLIC and LEAVE
[29Aug2024 14:25:19.951] [main/DEBUG] [net.neoforged.fml.common.asm.RuntimeDistCleaner/DISTXFORM]: Removing Class Annotation: net/minecraft/client/gui/screens/inventory/CreativeModeInventoryScreen @Lnet/neoforged/api/distmarker/OnlyIn;
[29Aug2024 14:25:19.956] [main/TRACE] [mixin/]: Added class metadata for net/minecraft/client/gui/screens/inventory/CreativeModeInventoryScreen to metadata cache
[29Aug2024 14:25:19.957] [main/DEBUG] [net.neoforged.fml.common.asm.RuntimeDistCleaner/DISTXFORM]: Removing Class Annotation: net/minecraft/client/resources/model/ModelManager @Lnet/neoforged/api/distmarker/OnlyIn;
[29Aug2024 14:25:19.960] [main/TRACE] [mixin/]: Added class metadata for net/minecraft/client/resources/model/ModelManager to metadata cache
[29Aug2024 14:25:19.961] [main/DEBUG] [net.neoforged.accesstransformer.AccessTransformer/AXFORM]: Transforming net.minecraft.client.gui.screens.Screen FIELD renderables to access PUBLIC and LEAVE
[29Aug2024 14:25:19.961] [main/DEBUG] [net.neoforged.fml.common.asm.RuntimeDistCleaner/DISTXFORM]: Removing Class Annotation: net/minecraft/client/gui/screens/Screen @Lnet/neoforged/api/distmarker/OnlyIn;
[29Aug2024 14:25:19.964] [main/TRACE] [mixin/]: Added class metadata for net/minecraft/client/gui/screens/Screen to metadata cache
[29Aug2024 14:25:19.964] [main/DEBUG] [mixin/]: Preparing mixinextras.init.mixins.json (0)
[29Aug2024 14:25:19.975] [main/TRACE] [mixin/]: Added class metadata for net/minecraft/core/cauldron/CauldronInteraction$InteractionMap to metadata cache
[29Aug2024 14:25:19.977] [main/DEBUG] [net.neoforged.accesstransformer.AccessTransformer/AXFORM]: Transforming net.minecraft.world.item.crafting.Ingredient$Value CLASS to access PUBLIC and LEAVE
[29Aug2024 14:25:19.977] [main/TRACE] [mixin/]: Added class metadata for net/minecraft/world/item/crafting/Ingredient$Value to metadata cache
[29Aug2024 14:25:19.979] [main/TRACE] [mixin/]: Added class metadata for com/google/common/collect/ImmutableList$Builder to metadata cache
[29Aug2024 14:25:19.980] [main/DEBUG] [net.neoforged.accesstransformer.AccessTransformer/AXFORM]: Transforming net.minecraft.advancements.critereon.StatePropertiesPredicate$PropertyMatcher CLASS to access PUBLIC and LEAVE
[29Aug2024 14:25:19.980] [main/TRACE] [mixin/]: Added class metadata for net/minecraft/advancements/critereon/StatePropertiesPredicate$PropertyMatcher to metadata cache
[29Aug2024 14:25:19.982] [main/TRACE] [mixin/]: Added class metadata for net/minecraft/core/RegistryAccess$RegistryEntry to metadata cache
[29Aug2024 14:25:19.983] [main/DEBUG] [net.neoforged.accesstransformer.AccessTransformer/AXFORM]: Transforming net.minecraft.server.MinecraftServer$ReloadableResources CLASS to access PUBLIC and LEAVE
[29Aug2024 14:25:19.984] [main/TRACE] [mixin/]: Added class metadata for net/minecraft/server/MinecraftServer$ReloadableResources to metadata cache
[29Aug2024 14:25:19.987] [main/TRACE] [mixin/]: Added class metadata for net/minecraft/tags/TagManager$LoadResult to metadata cache
[29Aug2024 14:25:19.991] [main/TRACE] [mixin/]: Added class metadata for java/lang/invoke/MethodHandles$Lookup to metadata cache
[29Aug2024 14:25:19.992] [main/TRACE] [mixin/]: Added class metadata for com/blamejared/crafttweaker/impl/loot/ILootTableIdHolder$Mutable to metadata cache
[29Aug2024 14:25:19.994] [main/TRACE] [mixin/]: Added class metadata for java/util/Map$Entry to metadata cache
[29Aug2024 14:25:19.995] [main/TRACE] [mixin/]: Added class metadata for com/blamejared/crafttweaker/api/tag/CraftTweakerTagRegistry$BindContext to metadata cache
[29Aug2024 14:25:19.996] [main/TRACE] [mixin/]: Added class metadata for com/blamejared/crafttweaker/api/zencode/scriptrun/ScriptRunConfiguration$RunKind to metadata cache
[29Aug2024 14:25:19.997] [main/TRACE] [mixin/]: Added class metadata for net/minecraft/world/level/saveddata/SavedData$Factory to metadata cache
[29Aug2024 14:25:19.998] [main/TRACE] [mixin/]: Added class metadata for net/minecraft/world/level/storage/LevelStorageSource$LevelStorageAccess to metadata cache
[29Aug2024 14:25:19.999] [main/TRACE] [mixin/]: Added class metadata for net/minecraft/core/RegistryAccess$Frozen to metadata cache
[29Aug2024 14:25:19.999] [main/TRACE] [mixin/]: Added class metadata for com/blamejared/crafttweaker/impl/script/RecipeManagerScriptLoader$UpdatedState to metadata cache
[29Aug2024 14:25:20.000] [main/DEBUG] [net.neoforged.accesstransformer.AccessTransformer/AXFORM]: Transforming net.minecraft.world.item.alchemy.PotionBrewing$Mix CLASS to access PUBLIC and LEAVE
[29Aug2024 14:25:20.000] [main/DEBUG] [net.neoforged.accesstransformer.AccessTransformer/AXFORM]: Transforming net.minecraft.world.item.alchemy.PotionBrewing$Mix FIELD from to access PUBLIC and LEAVE
[29Aug2024 14:25:20.000] [main/DEBUG] [net.neoforged.accesstransformer.AccessTransformer/AXFORM]: Transforming net.minecraft.world.item.alchemy.PotionBrewing$Mix FIELD ingredient to access PUBLIC and LEAVE
[29Aug2024 14:25:20.000] [main/DEBUG] [net.neoforged.accesstransformer.AccessTransformer/AXFORM]: Transforming net.minecraft.world.item.alchemy.PotionBrewing$Mix FIELD to to access PUBLIC and LEAVE
[29Aug2024 14:25:20.001] [main/TRACE] [mixin/]: Added class metadata for net/minecraft/world/item/alchemy/PotionBrewing$Mix to metadata cache
[29Aug2024 14:25:20.002] [main/TRACE] [mixin/]: Added class metadata for org/spongepowered/asm/mixin/injection/At$Shift to metadata cache
[29Aug2024 14:25:20.003] [main/TRACE] [mixin/]: Added class metadata for com/mrcrayfish/furniture/refurbished/electricity/ElectricityTicker$Access to metadata cache
[29Aug2024 14:25:20.003] [main/TRACE] [mixin/]: Added class metadata for com/mrcrayfish/furniture/refurbished/electricity/LinkManager$Access to metadata cache
[29Aug2024 14:25:20.006] [main/TRACE] [mixin/]: Added class metadata for com/google/common/collect/ImmutableMap$Builder to metadata cache
[29Aug2024 14:25:20.007] [main/DEBUG] [mixin/]: Prepared 59 mixins in 0.546 sec (9.3ms avg) (0ms load, 0ms transform, 0ms plugin)
[29Aug2024 14:25:20.010] [main/DEBUG] [net.neoforged.fml.common.asm.RuntimeDistCleaner/DISTXFORM]: Removing Class Annotation: net/minecraft/client/gui/screens/LoadingOverlay @Lnet/neoforged/api/distmarker/OnlyIn;
[29Aug2024 14:25:20.011] [main/DEBUG] [net.neoforged.fml.common.asm.RuntimeDistCleaner/DISTXFORM]: Removing Class Annotation: net/minecraft/client/gui/screens/Overlay @Lnet/neoforged/api/distmarker/OnlyIn;
[29Aug2024 14:25:20.012] [main/DEBUG] [net.neoforged.fml.common.asm.RuntimeDistCleaner/DISTXFORM]: Removing Class Annotation: net/minecraft/client/gui/components/Renderable @Lnet/neoforged/api/distmarker/OnlyIn;
[29Aug2024 14:25:20.013] [main/DEBUG] [net.neoforged.fml.common.asm.RuntimeDistCleaner/DISTXFORM]: Removing Class Annotation: net/minecraft/client/renderer/texture/AbstractTexture @Lnet/neoforged/api/distmarker/OnlyIn;
[29Aug2024 14:25:20.014] [main/DEBUG] [net.neoforged.fml.common.asm.RuntimeDistCleaner/DISTXFORM]: Removing Class Annotation: net/minecraft/client/gui/screens/LoadingOverlay$LogoTexture @Lnet/neoforged/api/distmarker/OnlyIn;
[29Aug2024 14:25:20.015] [main/DEBUG] [net.neoforged.fml.common.asm.RuntimeDistCleaner/DISTXFORM]: Removing Class Annotation: net/minecraft/client/renderer/texture/SimpleTexture @Lnet/neoforged/api/distmarker/OnlyIn;
[29Aug2024 14:25:20.016] [main/DEBUG] [net.neoforged.fml.common.asm.RuntimeDistCleaner/DISTXFORM]: Removing Class Annotation: com/mojang/blaze3d/vertex/BufferVertexConsumer @Lnet/neoforged/api/distmarker/OnlyIn;
[29Aug2024 14:25:20.017] [main/DEBUG] [net.neoforged.fml.common.asm.RuntimeDistCleaner/DISTXFORM]: Removing Class Annotation: com/mojang/blaze3d/vertex/VertexConsumer @Lnet/neoforged/api/distmarker/OnlyIn;
[29Aug2024 14:25:20.021] [main/DEBUG] [net.neoforged.accesstransformer.AccessTransformer/AXFORM]: Transforming net.minecraft.client.gui.GuiGraphics METHOD renderTooltipInternal(Lnet/minecraft/client/gui/Font;Ljava/util/List;IILnet/minecraft/client/gui/screens/inventory/tooltip/ClientTooltipPositioner;)V to access PUBLIC and LEAVE
[29Aug2024 14:25:20.021] [main/DEBUG] [net.neoforged.fml.common.asm.RuntimeDistCleaner/DISTXFORM]: Removing Class Annotation: net/minecraft/client/gui/GuiGraphics @Lnet/neoforged/api/distmarker/OnlyIn;
[29Aug2024 14:25:20.031] [main/DEBUG] [net.neoforged.accesstransformer.AccessTransformer/AXFORM]: Transforming net.minecraft.client.Minecraft FIELD textureManager to access PUBLIC and LEAVE
[29Aug2024 14:25:20.031] [main/DEBUG] [net.neoforged.accesstransformer.AccessTransformer/AXFORM]: Transforming net.minecraft.client.Minecraft METHOD createSearchTrees()V to access PUBLIC and LEAVE
[29Aug2024 14:25:20.031] [main/DEBUG] [net.neoforged.fml.common.asm.RuntimeDistCleaner/DISTXFORM]: Removing Class Annotation: net/minecraft/client/Minecraft @Lnet/neoforged/api/distmarker/OnlyIn;
[29Aug2024 14:25:20.039] [main/DEBUG] [net.neoforged.fml.common.asm.RuntimeDistCleaner/DISTXFORM]: Removing Class Annotation: com/mojang/blaze3d/platform/WindowEventHandler @Lnet/neoforged/api/distmarker/OnlyIn;
[29Aug2024 14:25:20.043] [main/DEBUG] [net.neoforged.accesstransformer.AccessTransformer/AXFORM]: Transforming net.minecraft.util.thread.BlockableEventLoop METHOD submitAsync(Ljava/lang/Runnable;)Ljava/util/concurrent/CompletableFuture; to access PUBLIC and LEAVE
[29Aug2024 14:25:20.290] [background-scan-handler-0/DEBUG] [net.neoforged.fml.loading.moddiscovery.MinecraftLocator/SCAN]: Scan finished: Mod File: C:\Users\Casey\Documents\GitHub\MightyMail\neoforge\.gradle\repositories\ng_dummy_ng\net\neoforged\neoforge\20.4.237\neoforge-20.4.237.jar
[29Aug2024 14:25:20.290] [background-scan-handler-0/DEBUG] [net.neoforged.fml.loading.moddiscovery.Scanner/SCAN]: Scanning C:\Users\Casey\Documents\GitHub\MightyMail\neoforge\.gradle\repositories\ng_dummy_ng\net\neoforged\neoforge\20.4.237\neoforge-20.4.237.jar with language loader minecraft
[29Aug2024 14:25:20.927] [main/DEBUG] [io.netty.util.internal.logging.InternalLoggerFactory/]: Using SLF4J as the default logging framework
[29Aug2024 14:25:20.931] [main/DEBUG] [io.netty.util.ResourceLeakDetector/]: -Dio.netty.leakDetection.level: simple
[29Aug2024 14:25:20.931] [main/DEBUG] [io.netty.util.ResourceLeakDetector/]: -Dio.netty.leakDetection.targetRecords: 4
[29Aug2024 14:25:21.073] [main/DEBUG] [oshi.util.FileUtil/]: No oshi.properties file found from ClassLoader cpw.mods.modlauncher.TransformingClassLoader@2d85fb64
[29Aug2024 14:25:21.588] [main/DEBUG] [oshi.util.FileUtil/]: No oshi.architecture.properties file found from ClassLoader cpw.mods.modlauncher.TransformingClassLoader@2d85fb64
[29Aug2024 14:25:21.936] [pool-10-thread-1/INFO] [MixinExtras|Service/]: Initializing MixinExtras via com.llamalad7.mixinextras.service.MixinExtrasServiceImpl(version=0.3.5).
[29Aug2024 14:25:21.937] [pool-10-thread-1/DEBUG] [mixin/]: Registering new injector for @SugarWrapper with com.llamalad7.mixinextras.sugar.impl.SugarWrapperInjectionInfo
[29Aug2024 14:25:21.938] [pool-10-thread-1/DEBUG] [mixin/]: Registering new injector for @FactoryRedirectWrapper with com.llamalad7.mixinextras.wrapper.factory.FactoryRedirectWrapperInjectionInfo
[29Aug2024 14:25:21.942] [pool-10-thread-1/DEBUG] [mixin/]: Mixing common.access.registry.AccessMappedRegistry from crafttweaker.mixins.json into net.minecraft.core.MappedRegistry
[29Aug2024 14:25:22.054] [pool-10-thread-1/DEBUG] [mixin/]: Mixing common.access.block.AccessBlockBehaviour from crafttweaker.mixins.json into net.minecraft.world.level.block.state.BlockBehaviour
[29Aug2024 14:25:22.068] [pool-10-thread-1/DEBUG] [net.neoforged.coremod.transformer.CoreModBaseTransformer/COREMOD]: Transforming net/minecraft/world/entity/EntityType
[29Aug2024 14:25:22.393] [pool-10-thread-1/DEBUG] [mixin/]: Mixing common.access.item.AccessItem from crafttweaker.mixins.json into net.minecraft.world.item.Item
[29Aug2024 14:25:22.393] [pool-10-thread-1/DEBUG] [mixin/]: Renaming @Accessor method crafttweaker$getBASE_ATTACK_DAMAGE_UUID()Ljava/util/UUID; to getBASE_ATTACK_DAMAGE_UUID$crafttweaker_$md$f3a38a$0 in crafttweaker.mixins.json:common.access.item.AccessItem from mod crafttweaker
[29Aug2024 14:25:22.394] [pool-10-thread-1/DEBUG] [mixin/]: Renaming @Accessor method crafttweaker$getBASE_ATTACK_SPEED_UUID()Ljava/util/UUID; to getBASE_ATTACK_SPEED_UUID$crafttweaker_$md$f3a38a$1 in crafttweaker.mixins.json:common.access.item.AccessItem from mod crafttweaker
[29Aug2024 14:25:22.591] [pool-10-thread-1/DEBUG] [mixin/]: Mixing common.access.block.AccessBlockStateBase from crafttweaker.mixins.json into net.minecraft.world.level.block.state.BlockBehaviour$BlockStateBase
[29Aug2024 14:25:22.617] [pool-10-thread-1/DEBUG] [mixin/]: Mixing EntityAccessor from refurbished_furniture.common.mixins.json into net.minecraft.world.entity.Entity
[29Aug2024 14:25:22.629] [pool-10-thread-1/DEBUG] [mixin/]: Mixing EntityMixin from refurbished_furniture.common.mixins.json into net.minecraft.world.entity.Entity
[29Aug2024 14:25:22.716] [pool-10-thread-1/DEBUG] [mixin/]: refurbished_furniture.common.mixins.json:EntityMixin from mod refurbished_furniture->@Inject::refurbishedFurnitureJumpFactor(Lorg/spongepowered/asm/mixin/injection/callback/CallbackInfoReturnable;)V does use it's CallbackInfoReturnable
[29Aug2024 14:25:22.858] [pool-10-thread-1/DEBUG] [mixin/]: Mixing LivingEntityMixin from refurbished_furniture.common.mixins.json into net.minecraft.world.entity.LivingEntity
[29Aug2024 14:25:22.887] [pool-10-thread-1/DEBUG] [mixin/]: refurbished_furniture.common.mixins.json:LivingEntityMixin from mod refurbished_furniture->@Inject::refurbishedFurnitureOnJump(Lorg/spongepowered/asm/mixin/injection/callback/CallbackInfo;)V doesn't use it's CallbackInfo
[29Aug2024 14:25:22.887] [pool-10-thread-1/DEBUG] [mixin/]: refurbished_furniture.common.mixins.json:LivingEntityMixin from mod refurbished_furniture->@Inject::refurbishedFurnitureOnJump(Lorg/spongepowered/asm/mixin/injection/callback/CallbackInfo;)V has 0 override(s) in child classes
[29Aug2024 14:25:22.887] [pool-10-thread-1/DEBUG] [mixin/]: refurbished_furniture.common.mixins.json:LivingEntityMixin from mod refurbished_furniture->@Inject::refurbishedFurnitureOnJump(Lorg/spongepowered/asm/mixin/injection/callback/CallbackInfo;)V won't be passed a CallbackInfo as a result
[29Aug2024 14:25:23.038] [pool-10-thread-1/DEBUG] [mixin/]: Mixing LevelMixin from refurbished_furniture.common.mixins.json into net.minecraft.world.level.Level
[29Aug2024 14:25:23.056] [pool-10-thread-1/DEBUG] [mixin/]: refurbished_furniture.common.mixins.json:LevelMixin from mod refurbished_furniture->@Inject::refurbishedFurniture$TickBlockEntitiesHead(Lorg/spongepowered/asm/mixin/injection/callback/CallbackInfo;)V doesn't use it's CallbackInfo
[29Aug2024 14:25:23.056] [pool-10-thread-1/DEBUG] [mixin/]: refurbished_furniture.common.mixins.json:LevelMixin from mod refurbished_furniture->@Inject::refurbishedFurniture$TickBlockEntitiesHead(Lorg/spongepowered/asm/mixin/injection/callback/CallbackInfo;)V has 0 override(s) in child classes
[29Aug2024 14:25:23.056] [pool-10-thread-1/DEBUG] [mixin/]: refurbished_furniture.common.mixins.json:LevelMixin from mod refurbished_furniture->@Inject::refurbishedFurniture$TickBlockEntitiesHead(Lorg/spongepowered/asm/mixin/injection/callback/CallbackInfo;)V won't be passed a CallbackInfo as a result
[29Aug2024 14:25:23.131] [pool-10-thread-1/DEBUG] [mixin/]: Mixing common.transform.world.level.MixinServerLevel from crafttweaker.mixins.json into net.minecraft.server.level.ServerLevel
[29Aug2024 14:25:23.140] [pool-10-thread-1/DEBUG] [mixin/]: Mixing ServerLevelMixin from refurbished_furniture.common.mixins.json into net.minecraft.server.level.ServerLevel
[29Aug2024 14:25:23.178] [pool-10-thread-1/DEBUG] [mixin/]: crafttweaker.mixins.json:common.transform.world.level.MixinServerLevel from mod crafttweaker->@Inject::crafttweaker$init(Lnet/minecraft/server/MinecraftServer;Ljava/util/concurrent/Executor;Lnet/minecraft/world/level/storage/LevelStorageSource$LevelStorageAccess;Lnet/minecraft/world/level/storage/ServerLevelData;Lnet/minecraft/resources/ResourceKey;Lnet/minecraft/world/level/dimension/LevelStem;Lnet/minecraft/server/level/progress/ChunkProgressListener;ZJLjava/util/List;ZLnet/minecraft/world/RandomSequences;Lorg/spongepowered/asm/mixin/injection/callback/CallbackInfo;)V doesn't use it's CallbackInfo
[29Aug2024 14:25:23.178] [pool-10-thread-1/DEBUG] [mixin/]: crafttweaker.mixins.json:common.transform.world.level.MixinServerLevel from mod crafttweaker->@Inject::crafttweaker$init(Lnet/minecraft/server/MinecraftServer;Ljava/util/concurrent/Executor;Lnet/minecraft/world/level/storage/LevelStorageSource$LevelStorageAccess;Lnet/minecraft/world/level/storage/ServerLevelData;Lnet/minecraft/resources/ResourceKey;Lnet/minecraft/world/level/dimension/LevelStem;Lnet/minecraft/server/level/progress/ChunkProgressListener;ZJLjava/util/List;ZLnet/minecraft/world/RandomSequences;Lorg/spongepowered/asm/mixin/injection/callback/CallbackInfo;)V has 0 override(s) in child classes
[29Aug2024 14:25:23.178] [pool-10-thread-1/DEBUG] [mixin/]: crafttweaker.mixins.json:common.transform.world.level.MixinServerLevel from mod crafttweaker->@Inject::crafttweaker$init(Lnet/minecraft/server/MinecraftServer;Ljava/util/concurrent/Executor;Lnet/minecraft/world/level/storage/LevelStorageSource$LevelStorageAccess;Lnet/minecraft/world/level/storage/ServerLevelData;Lnet/minecraft/resources/ResourceKey;Lnet/minecraft/world/level/dimension/LevelStem;Lnet/minecraft/server/level/progress/ChunkProgressListener;ZJLjava/util/List;ZLnet/minecraft/world/RandomSequences;Lorg/spongepowered/asm/mixin/injection/callback/CallbackInfo;)V won't be passed a CallbackInfo as a result
[29Aug2024 14:25:23.506] [pool-10-thread-1/DEBUG] [net.neoforged.coremod.transformer.CoreModBaseTransformer/COREMOD]: Transforming net/minecraft/world/level/block/LiquidBlock
[29Aug2024 14:25:23.885] [pool-10-thread-1/DEBUG] [mixin/]: Mixing common.access.block.AccessAbstractCauldronBlock from crafttweaker.mixins.json into net.minecraft.world.level.block.AbstractCauldronBlock
[29Aug2024 14:25:24.039] [pool-10-thread-1/DEBUG] [net.neoforged.coremod.transformer.CoreModBaseTransformer/COREMOD]: Transforming net/minecraft/world/level/block/StairBlock
[29Aug2024 14:25:24.087] [pool-10-thread-1/DEBUG] [net.neoforged.coremod.transformer.CoreModBaseTransformer/COREMOD]: Transforming net/minecraft/world/level/block/FlowerPotBlock
[29Aug2024 14:25:24.345] [pool-10-thread-1/DEBUG] [mixin/]: Mixing common.access.entity.AccessFallingBlockEntity from crafttweaker.mixins.json into net.minecraft.world.entity.item.FallingBlockEntity
[29Aug2024 14:25:24.350] [pool-10-thread-1/DEBUG] [mixin/]: Mixing BlockEntityMixin from refurbished_furniture.common.mixins.json into net.minecraft.world.level.block.entity.BlockEntity
[29Aug2024 14:25:24.355] [pool-10-thread-1/DEBUG] [mixin/]: refurbished_furniture.common.mixins.json:BlockEntityMixin from mod refurbished_furniture->@Inject::refurbishedFurniture$SetLevelTail(Lnet/minecraft/world/level/Level;Lorg/spongepowered/asm/mixin/injection/callback/CallbackInfo;)V doesn't use it's CallbackInfo
[29Aug2024 14:25:24.355] [pool-10-thread-1/DEBUG] [mixin/]: refurbished_furniture.common.mixins.json:BlockEntityMixin from mod refurbished_furniture->@Inject::refurbishedFurniture$SetLevelTail(Lnet/minecraft/world/level/Level;Lorg/spongepowered/asm/mixin/injection/callback/CallbackInfo;)V has 0 override(s) in child classes
[29Aug2024 14:25:24.355] [pool-10-thread-1/DEBUG] [mixin/]: refurbished_furniture.common.mixins.json:BlockEntityMixin from mod refurbished_furniture->@Inject::refurbishedFurniture$SetLevelTail(Lnet/minecraft/world/level/Level;Lorg/spongepowered/asm/mixin/injection/callback/CallbackInfo;)V won't be passed a CallbackInfo as a result
[29Aug2024 14:25:24.718] [pool-10-thread-1/DEBUG] [mixin/]: Mixing common.access.entity.AccessAttributeModifier from crafttweaker.mixins.json into net.minecraft.world.entity.ai.attributes.AttributeModifier
[29Aug2024 14:25:25.185] [pool-10-thread-1/DEBUG] [net.neoforged.coremod.transformer.CoreModBaseTransformer/COREMOD]: Transforming net/minecraft/world/level/biome/Biome
[29Aug2024 14:25:26.698] [pool-10-thread-1/DEBUG] [mixin/]: Mixing common.access.entity.AccessLightningBolt from crafttweaker.mixins.json into net.minecraft.world.entity.LightningBolt
[29Aug2024 14:25:26.953] [pool-10-thread-1/DEBUG] [net.neoforged.coremod.transformer.CoreModBaseTransformer/COREMOD]: Transforming net/minecraft/world/entity/animal/frog/Tadpole
[29Aug2024 14:25:28.304] [pool-10-thread-1/DEBUG] [net.neoforged.coremod.transformer.CoreModBaseTransformer/COREMOD]: Transforming net/minecraft/world/item/BucketItem
[29Aug2024 14:25:30.273] [pool-10-thread-1/DEBUG] [net.neoforged.coremod.transformer.CoreModBaseTransformer/COREMOD]: Transforming net/minecraft/world/entity/monster/Spider
[29Aug2024 14:25:30.365] [pool-10-thread-1/DEBUG] [net.neoforged.coremod.transformer.CoreModBaseTransformer/COREMOD]: Transforming net/minecraft/world/entity/monster/Zombie
[29Aug2024 14:25:30.443] [pool-10-thread-1/DEBUG] [net.neoforged.coremod.transformer.CoreModBaseTransformer/COREMOD]: Transforming net/minecraft/world/entity/monster/ZombieVillager
[29Aug2024 14:25:30.527] [pool-10-thread-1/DEBUG] [net.neoforged.coremod.transformer.CoreModBaseTransformer/COREMOD]: Transforming net/minecraft/world/entity/monster/Evoker$EvokerSummonSpellGoal
[29Aug2024 14:25:30.729] [pool-10-thread-1/DEBUG] [net.neoforged.coremod.transformer.CoreModBaseTransformer/COREMOD]: Transforming net/minecraft/world/entity/animal/horse/SkeletonTrapGoal
[29Aug2024 14:25:30.753] [pool-10-thread-1/DEBUG] [net.neoforged.coremod.transformer.CoreModBaseTransformer/COREMOD]: Transforming net/minecraft/world/entity/monster/Strider
[29Aug2024 14:25:30.961] [pool-10-thread-1/DEBUG] [mixin/]: Mixing LevelChunkMixin from refurbished_furniture.common.mixins.json into net.minecraft.world.level.chunk.LevelChunk
[29Aug2024 14:25:30.969] [pool-10-thread-1/WARN] [mixin/]: @Inject(@At("INVOKE_ASSIGN")) Shift.BY=2 on refurbished_furniture.common.mixins.json:LevelChunkMixin from mod refurbished_furniture::handler$zzj000$refurbished_furniture$refurbishedFurniture$AfterRemoveBlockEntity exceeds the maximum allowed value: 0. Increase the value of maxShiftBy to suppress this warning.
[29Aug2024 14:25:30.973] [pool-10-thread-1/DEBUG] [mixin/]: refurbished_furniture.common.mixins.json:LevelChunkMixin from mod refurbished_furniture->@Inject::refurbishedFurniture$AfterRemoveBlockEntity(Lnet/minecraft/core/BlockPos;Lorg/spongepowered/asm/mixin/injection/callback/CallbackInfo;Lnet/minecraft/world/level/block/entity/BlockEntity;)V doesn't use it's CallbackInfo
[29Aug2024 14:25:30.973] [pool-10-thread-1/DEBUG] [mixin/]: refurbished_furniture.common.mixins.json:LevelChunkMixin from mod refurbished_furniture->@Inject::refurbishedFurniture$AfterRemoveBlockEntity(Lnet/minecraft/core/BlockPos;Lorg/spongepowered/asm/mixin/injection/callback/CallbackInfo;Lnet/minecraft/world/level/block/entity/BlockEntity;)V has 0 override(s) in child classes
[29Aug2024 14:25:30.973] [pool-10-thread-1/DEBUG] [mixin/]: refurbished_furniture.common.mixins.json:LevelChunkMixin from mod refurbished_furniture->@Inject::refurbishedFurniture$AfterRemoveBlockEntity(Lnet/minecraft/core/BlockPos;Lorg/spongepowered/asm/mixin/injection/callback/CallbackInfo;Lnet/minecraft/world/level/block/entity/BlockEntity;)V won't be passed a CallbackInfo as a result
[29Aug2024 14:25:31.034] [pool-10-thread-1/DEBUG] [net.neoforged.coremod.transformer.CoreModBaseTransformer/COREMOD]: Transforming net/minecraft/world/entity/npc/Villager
[29Aug2024 14:25:31.251] [pool-10-thread-1/DEBUG] [mixin/]: Mixing common.access.item.AccessIngredient from crafttweaker.mixins.json into net.minecraft.world.item.crafting.Ingredient
[29Aug2024 14:25:31.252] [pool-10-thread-1/DEBUG] [mixin/]: Renaming @Invoker method crafttweaker$callFromValues(Ljava/util/stream/Stream;)Lnet/minecraft/world/item/crafting/Ingredient; to callFromValues$crafttweaker_$md$f3a38a$0 in crafttweaker.mixins.json:common.access.item.AccessIngredient from mod crafttweaker
[29Aug2024 14:25:31.253] [pool-10-thread-1/DEBUG] [mixin/]: Mixing common.transform.item.MixinIngredient from crafttweaker.mixins.json into net.minecraft.world.item.crafting.Ingredient
[29Aug2024 14:25:31.255] [pool-10-thread-1/DEBUG] [mixin/]: crafttweaker.mixins.json:common.transform.item.MixinIngredient from mod crafttweaker->@Inject::crafttweaker$storeDissolve(Lorg/spongepowered/asm/mixin/injection/callback/CallbackInfoReturnable;)V doesn't use it's CallbackInfoReturnable
[29Aug2024 14:25:31.255] [pool-10-thread-1/DEBUG] [mixin/]: crafttweaker.mixins.json:common.transform.item.MixinIngredient from mod crafttweaker->@Inject::crafttweaker$storeDissolve(Lorg/spongepowered/asm/mixin/injection/callback/CallbackInfoReturnable;)V has 0 override(s) in child classes
[29Aug2024 14:25:31.255] [pool-10-thread-1/DEBUG] [mixin/]: crafttweaker.mixins.json:common.transform.item.MixinIngredient from mod crafttweaker->@Inject::crafttweaker$storeDissolve(Lorg/spongepowered/asm/mixin/injection/callback/CallbackInfoReturnable;)V won't be passed a CallbackInfoReturnable as a result
[29Aug2024 14:25:31.263] [pool-10-thread-1/DEBUG] [mixin/]: Mixing common.access.food.AccessFoodProperties from crafttweaker.mixins.json into net.minecraft.world.food.FoodProperties
[29Aug2024 14:25:31.263] [pool-10-thread-1/DEBUG] [mixin/]: Renaming @Invoker method crafttweaker$createFoodProperties(IFZZZLjava/util/List;)Lnet/minecraft/world/food/FoodProperties; to createFoodProperties$crafttweaker_$md$f3a38a$0 in crafttweaker.mixins.json:common.access.food.AccessFoodProperties from mod crafttweaker
[29Aug2024 14:25:31.263] [pool-10-thread-1/DEBUG] [mixin/]: Mixing common.access.food.AccessFoodPropertiesNeoForge from crafttweaker.neoforge.mixins.json into net.minecraft.world.food.FoodProperties
[29Aug2024 14:25:31.796] [Datafixer Bootstrap/INFO] [com.mojang.datafixers.DataFixerBuilder/]: 198 Datafixer optimizations took 1638 milliseconds
[29Aug2024 14:25:32.272] [pool-10-thread-1/DEBUG] [mixin/]: Mixing common.access.brewing.AccessPotionBrewing from crafttweaker.neoforge.mixins.json into net.minecraft.world.item.alchemy.PotionBrewing
[29Aug2024 14:25:32.272] [pool-10-thread-1/DEBUG] [mixin/]: Renaming @Accessor method crafttweaker$getPOTION_MIXES()Ljava/util/List; to getPOTION_MIXES$crafttweaker_$md$f3a38a$0 in crafttweaker.neoforge.mixins.json:common.access.brewing.AccessPotionBrewing from mod crafttweaker
[29Aug2024 14:25:32.272] [pool-10-thread-1/DEBUG] [mixin/]: Renaming @Accessor method crafttweaker$getCONTAINER_MIXES()Ljava/util/List; to getCONTAINER_MIXES$crafttweaker_$md$f3a38a$1 in crafttweaker.neoforge.mixins.json:common.access.brewing.AccessPotionBrewing from mod crafttweaker
[29Aug2024 14:25:32.272] [pool-10-thread-1/DEBUG] [mixin/]: Renaming @Invoker method crafttweaker$callAddMix(Lnet/minecraft/world/item/alchemy/Potion;Lnet/minecraft/world/item/Item;Lnet/minecraft/world/item/alchemy/Potion;)V to callAddMix$crafttweaker_$md$f3a38a$2 in crafttweaker.neoforge.mixins.json:common.access.brewing.AccessPotionBrewing from mod crafttweaker
[29Aug2024 14:25:32.309] [pool-10-thread-1/DEBUG] [mixin/]: Mixing common.transform.item.MixinIngredientTagValue from crafttweaker.mixins.json into net.minecraft.world.item.crafting.Ingredient$TagValue
[29Aug2024 14:25:32.310] [pool-10-thread-1/DEBUG] [mixin/]: Renaming synthetic method lambda$crafttweaker$injectTags$1(Ljava/util/Map;)Ljava/util/Collection; to mdf3a38a$crafttweaker$lambda$crafttweaker$injectTags$1$0 in crafttweaker.mixins.json:common.transform.item.MixinIngredientTagValue from mod crafttweaker
[29Aug2024 14:25:32.310] [pool-10-thread-1/DEBUG] [mixin/]: Renaming synthetic method lambda$crafttweaker$injectTags$0(Lnet/minecraft/tags/TagManager$LoadResult;)Z to mdf3a38a$crafttweaker$lambda$crafttweaker$injectTags$0$1 in crafttweaker.mixins.json:common.transform.item.MixinIngredientTagValue from mod crafttweaker
[29Aug2024 14:25:32.329] [pool-10-thread-1/DEBUG] [mixin/]: crafttweaker.mixins.json:common.transform.item.MixinIngredientTagValue from mod crafttweaker->@Inject::crafttweaker$injectTags(Lorg/spongepowered/asm/mixin/injection/callback/CallbackInfoReturnable;)V does use it's CallbackInfoReturnable
[29Aug2024 14:25:32.379] [pool-10-thread-1/DEBUG] [io.netty.util.internal.PlatformDependent0/]: -Dio.netty.noUnsafe: false
[29Aug2024 14:25:32.379] [pool-10-thread-1/DEBUG] [io.netty.util.internal.PlatformDependent0/]: Java version: 17
[29Aug2024 14:25:32.381] [pool-10-thread-1/DEBUG] [io.netty.util.internal.PlatformDependent0/]: sun.misc.Unsafe.theUnsafe: available
[29Aug2024 14:25:32.381] [pool-10-thread-1/DEBUG] [io.netty.util.internal.PlatformDependent0/]: sun.misc.Unsafe.copyMemory: available
[29Aug2024 14:25:32.381] [pool-10-thread-1/DEBUG] [io.netty.util.internal.PlatformDependent0/]: sun.misc.Unsafe.storeFence: available
[29Aug2024 14:25:32.382] [pool-10-thread-1/DEBUG] [io.netty.util.internal.PlatformDependent0/]: java.nio.Buffer.address: available
[29Aug2024 14:25:32.383] [pool-10-thread-1/DEBUG] [io.netty.util.internal.PlatformDependent0/]: java.nio.Bits.unaligned: available, true
[29Aug2024 14:25:32.387] [pool-10-thread-1/DEBUG] [io.netty.util.internal.PlatformDependent0/]: java.nio.DirectByteBuffer.<init>(long, {int,long}): unavailable
[29Aug2024 14:25:32.387] [pool-10-thread-1/DEBUG] [io.netty.util.internal.PlatformDependent/]: sun.misc.Unsafe: available
[29Aug2024 14:25:32.388] [pool-10-thread-1/DEBUG] [io.netty.util.internal.PlatformDependent/]: maxDirectMemory: 8581545984 bytes (maybe)
[29Aug2024 14:25:32.389] [pool-10-thread-1/DEBUG] [io.netty.util.internal.PlatformDependent/]: -Dio.netty.tmpdir: C:\Users\Casey\AppData\Local\Temp (java.io.tmpdir)
[29Aug2024 14:25:32.389] [pool-10-thread-1/DEBUG] [io.netty.util.internal.PlatformDependent/]: -Dio.netty.bitMode: 64 (sun.arch.data.model)
[29Aug2024 14:25:32.389] [pool-10-thread-1/DEBUG] [io.netty.util.internal.PlatformDependent/]: Platform: Windows
[29Aug2024 14:25:32.390] [pool-10-thread-1/DEBUG] [io.netty.util.internal.PlatformDependent/]: -Dio.netty.maxDirectMemory: -1 bytes
[29Aug2024 14:25:32.390] [pool-10-thread-1/DEBUG] [io.netty.util.internal.PlatformDependent/]: -Dio.netty.uninitializedArrayAllocationThreshold: -1
[29Aug2024 14:25:32.392] [pool-10-thread-1/DEBUG] [io.netty.util.internal.CleanerJava9/]: java.nio.ByteBuffer.cleaner(): available
[29Aug2024 14:25:32.392] [pool-10-thread-1/DEBUG] [io.netty.util.internal.PlatformDependent/]: -Dio.netty.noPreferDirect: false
[29Aug2024 14:25:32.736] [pool-10-thread-1/DEBUG] [mixin/]: Mixing common.access.recipe.AccessSmithingTransformRecipe from crafttweaker.mixins.json into net.minecraft.world.item.crafting.SmithingTransformRecipe
[29Aug2024 14:25:32.744] [pool-10-thread-1/DEBUG] [mixin/]: Mixing common.access.recipe.AccessSmithingTrimRecipe from crafttweaker.mixins.json into net.minecraft.world.item.crafting.SmithingTrimRecipe
[29Aug2024 14:25:32.745] [pool-10-thread-1/DEBUG] [mixin/]: Renaming @Invoker method crafttweaker$createSmithingTrimRecipe(Lnet/minecraft/world/item/crafting/Ingredient;Lnet/minecraft/world/item/crafting/Ingredient;Lnet/minecraft/world/item/crafting/Ingredient;)Lnet/minecraft/world/item/crafting/SmithingTrimRecipe; to createSmithingTrimRecipe$crafttweaker_$md$f3a38a$0 in crafttweaker.mixins.json:common.access.recipe.AccessSmithingTrimRecipe from mod crafttweaker
[29Aug2024 14:25:32.862] [pool-10-thread-1/DEBUG] [mixin/]: Mixing common.access.loot.AccessLootContext from crafttweaker.mixins.json into net.minecraft.world.level.storage.loot.LootContext
[29Aug2024 14:25:32.863] [pool-10-thread-1/DEBUG] [mixin/]: Mixing common.transform.loot.MixinLootContext from crafttweaker.mixins.json into net.minecraft.world.level.storage.loot.LootContext
[29Aug2024 14:25:33.680] [pool-10-thread-1/DEBUG] [net.neoforged.coremod.transformer.CoreModBaseTransformer/COREMOD]: Transforming net/minecraft/world/level/levelgen/structure/Structure
[29Aug2024 14:25:33.789] [pool-10-thread-1/DEBUG] [net.neoforged.coremod.transformer.CoreModBaseTransformer/COREMOD]: Transforming net/minecraft/world/level/levelgen/structure/structures/OceanRuinPieces$OceanRuinPiece
[29Aug2024 14:25:33.832] [pool-10-thread-1/DEBUG] [net.neoforged.coremod.transformer.CoreModBaseTransformer/COREMOD]: Transforming net/minecraft/world/level/levelgen/structure/structures/SwampHutPiece
[29Aug2024 14:25:33.870] [pool-10-thread-1/DEBUG] [net.neoforged.coremod.transformer.CoreModBaseTransformer/COREMOD]: Transforming net/minecraft/world/level/levelgen/structure/structures/OceanMonumentPieces$OceanMonumentPiece
[29Aug2024 14:25:33.962] [pool-10-thread-1/DEBUG] [net.neoforged.coremod.transformer.CoreModBaseTransformer/COREMOD]: Transforming net/minecraft/world/level/levelgen/structure/structures/WoodlandMansionPieces$WoodlandMansionPiece
[29Aug2024 14:25:34.613] [main/DEBUG] [mixin/]: Mixing common.access.server.AccessMinecraftServer from crafttweaker.mixins.json into net.minecraft.server.MinecraftServer
[29Aug2024 14:25:34.695] [main/DEBUG] [mixin/]: Mixing common.transform.item.attribute.MixinItemAttributeModifierEvent from crafttweaker.neoforge.mixins.json into net.neoforged.neoforge.event.ItemAttributeModifierEvent
[29Aug2024 14:25:35.668] [main/DEBUG] [net.neoforged.coremod.transformer.CoreModBaseTransformer/COREMOD]: Transforming net/minecraft/server/commands/SummonCommand
[29Aug2024 14:25:36.044] [main/DEBUG] [net.neoforged.coremod.transformer.CoreModBaseTransformer/COREMOD]: Transforming net/minecraft/server/commands/RaidCommand
[29Aug2024 14:25:36.191] [main/WARN] [net.minecraft.commands.Commands/]: Ambiguity between arguments [teleport, location] and [teleport, destination] with inputs: [0.1 -0.5 .9, 0 0 0]
[29Aug2024 14:25:36.194] [main/WARN] [net.minecraft.commands.Commands/]: Ambiguity between arguments [teleport, location] and [teleport, targets] with inputs: [0.1 -0.5 .9, 0 0 0]
[29Aug2024 14:25:36.199] [main/WARN] [net.minecraft.commands.Commands/]: Ambiguity between arguments [teleport, destination] and [teleport, targets] with inputs: [Player, 0123, @e, dd12be42-52a9-4a91-a8a1-11c01849e498]
[29Aug2024 14:25:36.201] [main/WARN] [net.minecraft.commands.Commands/]: Ambiguity between arguments [teleport, targets] and [teleport, destination] with inputs: [Player, 0123, dd12be42-52a9-4a91-a8a1-11c01849e498]
[29Aug2024 14:25:36.205] [main/WARN] [net.minecraft.commands.Commands/]: Ambiguity between arguments [teleport, targets, location] and [teleport, targets, destination] with inputs: [0.1 -0.5 .9, 0 0 0]
[29Aug2024 14:25:36.507] [Render thread/DEBUG] [mixin/]: Mixing client.ScreenAccessor from refurbished_furniture.common.mixins.json into net.minecraft.client.gui.screens.Screen
[29Aug2024 14:25:36.776] [Render thread/WARN] [net.minecraft.server.packs.VanillaPackResourcesBuilder/]: Assets URL 'union:/C:/Users/Casey/Documents/GitHub/MightyMail/neoforge/.gradle/repositories/ng_dummy_ng/net/neoforged/neoforge/20.4.237/neoforge-20.4.237.jar%23192!/assets/.mcassetsroot' uses unexpected schema
[29Aug2024 14:25:36.777] [Render thread/WARN] [net.minecraft.server.packs.VanillaPackResourcesBuilder/]: Assets URL 'union:/C:/Users/Casey/Documents/GitHub/MightyMail/neoforge/.gradle/repositories/ng_dummy_ng/net/neoforged/neoforge/20.4.237/neoforge-20.4.237.jar%23192!/data/.mcassetsroot' uses unexpected schema
[29Aug2024 14:25:37.283] [Render thread/INFO] [com.mojang.authlib.yggdrasil.YggdrasilAuthenticationService/]: Environment: Environment[sessionHost=https://sessionserver.mojang.com, servicesHost=https://api.minecraftservices.com, name=PROD]
[29Aug2024 14:25:37.671] [Render thread/INFO] [net.minecraft.client.Minecraft/]: Setting user: Dev
[29Aug2024 14:25:38.024] [Render thread/INFO] [net.minecraft.client.Minecraft/]: Backend library: LWJGL version 3.3.2+13
[29Aug2024 14:25:38.700] [Render thread/DEBUG] [net.neoforged.neoforge.common.I18nExtension/CORE]: Loading I18N data entries: 6788
[29Aug2024 14:25:38.780] [Render thread/DEBUG] [net.neoforged.fml.ModWorkManager/LOADING]: Using 8 threads for parallel mod-loading
[29Aug2024 14:25:38.824] [Render thread/DEBUG] [net.neoforged.fml.javafmlmod.FMLModContainer/LOADING]: Creating FMLModContainer instance for com.blamejared.crafttweaker.CraftTweakerNeoForge
[29Aug2024 14:25:38.827] [Render thread/DEBUG] [net.neoforged.fml.javafmlmod.FMLModContainer/LOADING]: Creating FMLModContainer instance for com.mrcrayfish.framework.FrameworkNeoForge
[29Aug2024 14:25:38.829] [Render thread/DEBUG] [net.neoforged.fml.javafmlmod.FMLModContainer/LOADING]: Creating FMLModContainer instance for com.mrcrayfish.mightymail.MightyMail
[29Aug2024 14:25:38.830] [Render thread/DEBUG] [net.neoforged.fml.javafmlmod.FMLModContainer/LOADING]: Creating FMLModContainer instance for net.neoforged.neoforge.common.NeoForgeMod
[29Aug2024 14:25:38.830] [Render thread/DEBUG] [net.neoforged.fml.javafmlmod.FMLModContainer/LOADING]: Creating FMLModContainer instance for com.mrcrayfish.catalogue.Catalogue
[29Aug2024 14:25:38.831] [Render thread/DEBUG] [net.neoforged.fml.javafmlmod.FMLModContainer/LOADING]: Creating FMLModContainer instance for com.mrcrayfish.furniture.refurbished.FurnitureMod
[29Aug2024 14:25:38.904] [modloading-worker-0/DEBUG] [CraftTweaker-Services/]: Loaded com.blamejared.crafttweaker.impl.service.BridgeService@23b61a6f for service interface com.blamejared.crafttweaker.platform.services.IBridgeService
[29Aug2024 14:25:38.915] [modloading-worker-0/DEBUG] [CraftTweaker-Services/]: Loaded com.blamejared.crafttweaker.platform.NeoForgePlatformHelper@7c4307b4 for service interface com.blamejared.crafttweaker.platform.services.IPlatformHelper
[29Aug2024 14:25:38.917] [modloading-worker-0/DEBUG] [CraftTweaker-Services/]: Loaded com.blamejared.crafttweaker.platform.NeoForgeDistributionHelper@5f1a705d for service interface com.blamejared.crafttweaker.platform.services.IDistributionHelper
[29Aug2024 14:25:38.919] [modloading-worker-0/DEBUG] [CraftTweaker-Services/]: Loaded com.blamejared.crafttweaker.platform.client.NeoForgeClientHelper@1881b589 for service interface com.blamejared.crafttweaker.platform.services.IClientHelper
[29Aug2024 14:25:38.930] [modloading-worker-0/DEBUG] [CraftTweaker-Services/]: Loaded com.blamejared.crafttweaker.platform.event.NeoForgeEventHelper@4e27cf20 for service interface com.blamejared.crafttweaker.platform.services.IEventHelper
[29Aug2024 14:25:38.932] [modloading-worker-0/DEBUG] [CraftTweaker-Services/]: Loaded com.blamejared.crafttweaker.platform.network.NeoForgeNetworkHelper@381da24d for service interface com.blamejared.crafttweaker.platform.services.INetworkHelper
[29Aug2024 14:25:38.936] [modloading-worker-0/DEBUG] [CraftTweaker-Services/]: Loaded com.blamejared.crafttweaker.platform.NeoForgeRegistryHelper@33218732 for service interface com.blamejared.crafttweaker.platform.services.IRegistryHelper
[29Aug2024 14:25:38.939] [modloading-worker-0/DEBUG] [net.neoforged.fml.javafmlmod.AutomaticEventSubscriber/LOADING]: Attempting to inject @EventBusSubscriber classes into the eventbus for mighty_mail
[29Aug2024 14:25:38.943] [modloading-worker-0/DEBUG] [net.neoforged.neoforge.internal.versions.neoforge.NeoForgeVersion/CORE]: NeoForge Version package package net.neoforged.neoforge.internal.versions.neoforge, NeoForge, version 20.4 from cpw.mods.modlauncher.TransformingClassLoader@2d85fb64
[29Aug2024 14:25:38.944] [modloading-worker-0/DEBUG] [net.neoforged.neoforge.internal.versions.neoforge.NeoForgeVersion/CORE]: Found NeoForge version 20.4.237
[29Aug2024 14:25:38.944] [modloading-worker-0/DEBUG] [net.neoforged.neoforge.internal.versions.neoforge.NeoForgeVersion/CORE]: Found NeoForge spec 20.4
[29Aug2024 14:25:38.944] [modloading-worker-0/DEBUG] [net.neoforged.neoforge.internal.versions.neoforge.NeoForgeVersion/CORE]: Found NeoForge group net.neoforged
[29Aug2024 14:25:38.945] [modloading-worker-0/DEBUG] [net.neoforged.neoforge.internal.versions.neoform.NeoFormVersion/CORE]: NeoForm Version package package net.neoforged.neoforge.internal.versions.neoform from cpw.mods.modlauncher.TransformingClassLoader@2d85fb64
[29Aug2024 14:25:38.945] [modloading-worker-0/DEBUG] [net.neoforged.neoforge.internal.versions.neoform.NeoFormVersion/CORE]: Found MC version information 1.20.4
[29Aug2024 14:25:38.945] [modloading-worker-0/DEBUG] [net.neoforged.neoforge.internal.versions.neoform.NeoFormVersion/CORE]: Found NeoForm version information 20231207.154220
[29Aug2024 14:25:38.945] [modloading-worker-0/INFO] [net.neoforged.neoforge.common.NeoForgeMod/NEOFORGE-MOD]: NeoForge mod loading, version 20.4.237, for MC 1.20.4 with MCP 20231207.154220
[29Aug2024 14:25:38.946] [modloading-worker-0/DEBUG] [net.neoforged.neoforge.common.NeoForgeMod/NEOFORGE-MOD]: Loading Network data for FML net version: 20.4
[29Aug2024 14:25:38.999] [modloading-worker-0/DEBUG] [net.neoforged.fml.javafmlmod.AutomaticEventSubscriber/LOADING]: Attempting to inject @EventBusSubscriber classes into the eventbus for catalogue
[29Aug2024 14:25:39.028] [modloading-worker-0/DEBUG] [net.neoforged.fml.javafmlmod.AutomaticEventSubscriber/LOADING]: Auto-subscribing com.mrcrayfish.catalogue.client.ClientHandler to FORGE
[29Aug2024 14:25:39.051] [modloading-worker-0/DEBUG] [Framework/]: Loaded com.mrcrayfish.framework.platform.NeoForgePlatformHelper@5e878c09 for service interface com.mrcrayfish.framework.platform.services.IPlatformHelper
[29Aug2024 14:25:39.061] [modloading-worker-0/DEBUG] [Framework/]: Loaded com.mrcrayfish.framework.platform.NeoForgeNetworkHelper@74195c3d for service interface com.mrcrayfish.framework.platform.services.INetworkHelper
[29Aug2024 14:25:39.080] [modloading-worker-0/DEBUG] [Framework/]: Loaded com.mrcrayfish.framework.platform.NeoForgeRegistrationHelper@34045bbd for service interface com.mrcrayfish.framework.platform.services.IRegistrationHelper
[29Aug2024 14:25:39.080] [modloading-worker-0/DEBUG] [net.neoforged.fml.javafmlmod.AutomaticEventSubscriber/LOADING]: Attempting to inject @EventBusSubscriber classes into the eventbus for refurbished_furniture
[29Aug2024 14:25:39.080] [modloading-worker-0/DEBUG] [net.neoforged.fml.javafmlmod.AutomaticEventSubscriber/LOADING]: Auto-subscribing com.mrcrayfish.furniture.refurbished.NeoForgeEvents to FORGE
[29Aug2024 14:25:39.084] [modloading-worker-0/DEBUG] [Framework/]: Loaded com.mrcrayfish.framework.platform.NeoForgeEntityHelper@15ccc542 for service interface com.mrcrayfish.framework.platform.services.IEntityHelper
[29Aug2024 14:25:39.091] [modloading-worker-0/DEBUG] [net.neoforged.fml.config.ConfigTracker/CONFIG]: Config file neoforge-client.toml for neoforge tracking
[29Aug2024 14:25:39.091] [modloading-worker-0/DEBUG] [net.neoforged.fml.config.ConfigTracker/CONFIG]: Config file neoforge-server.toml for neoforge tracking
[29Aug2024 14:25:39.091] [modloading-worker-0/DEBUG] [net.neoforged.fml.ModLoadingContext/]: Attempted to register an empty config for type COMMON on mod neoforge
[29Aug2024 14:25:39.097] [modloading-worker-0/DEBUG] [Framework/]: Loaded com.mrcrayfish.framework.platform.NeoForgeItemHelper@1e82cb35 for service interface com.mrcrayfish.framework.platform.services.IItemHelper
[29Aug2024 14:25:39.103] [modloading-worker-0/DEBUG] [net.neoforged.fml.javafmlmod.AutomaticEventSubscriber/LOADING]: Auto-subscribing com.mrcrayfish.furniture.refurbished.client.ClientFurnitureMod to MOD
[29Aug2024 14:25:39.119] [modloading-worker-0/DEBUG] [Framework/]: Loaded com.mrcrayfish.framework.platform.NeoForgeConfigHelper@6e49508c for service interface com.mrcrayfish.framework.platform.services.IConfigHelper
[29Aug2024 14:25:39.170] [modloading-worker-0/DEBUG] [mixin/]: Mixing common.access.neoforge.AccessNeoForgeInternalHandler from crafttweaker.neoforge.mixins.json into net.neoforged.neoforge.common.NeoForgeEventHandler
[29Aug2024 14:25:39.170] [modloading-worker-0/DEBUG] [mixin/]: Renaming @Invoker method crafttweaker$getLootModifierManager()Lnet/neoforged/neoforge/common/loot/LootModifierManager; to getLootModifierManager$crafttweaker_$md$f3a38a$0 in crafttweaker.neoforge.mixins.json:common.access.neoforge.AccessNeoForgeInternalHandler from mod crafttweaker
[29Aug2024 14:25:39.179] [modloading-worker-0/DEBUG] [mixin/]: Mixing common.access.loot.AccessLootModifierManager from crafttweaker.neoforge.mixins.json into net.neoforged.neoforge.common.loot.LootModifierManager
[29Aug2024 14:25:39.226] [modloading-worker-0/DEBUG] [net.neoforged.fml.javafmlmod.AutomaticEventSubscriber/LOADING]: Auto-subscribing com.mrcrayfish.furniture.refurbished.client.NeoForgeClientEvents to FORGE
[29Aug2024 14:25:39.278] [modloading-worker-0/DEBUG] [net.neoforged.fml.loading.MCPNamingService/CORE]: Loaded 0 field mappings from fields.csv
[29Aug2024 14:25:39.399] [modloading-worker-0/DEBUG] [net.neoforged.fml.javafmlmod.AutomaticEventSubscriber/LOADING]: Attempting to inject @EventBusSubscriber classes into the eventbus for neoforge
[29Aug2024 14:25:39.400] [modloading-worker-0/DEBUG] [net.neoforged.fml.javafmlmod.AutomaticEventSubscriber/LOADING]: Auto-subscribing net.neoforged.neoforge.network.filters.GenericPacketSplitter to MOD
[29Aug2024 14:25:39.767] [modloading-worker-0/DEBUG] [mixin/]: Mixing common.access.predicate.AccessStatePropertiesPredicateBuilder from crafttweaker.mixins.json into net.minecraft.advancements.critereon.StatePropertiesPredicate$Builder
[29Aug2024 14:25:39.832] [modloading-worker-0/DEBUG] [io.netty.buffer.AbstractByteBuf/]: -Dio.netty.buffer.checkAccessible: true
[29Aug2024 14:25:39.832] [modloading-worker-0/DEBUG] [io.netty.buffer.AbstractByteBuf/]: -Dio.netty.buffer.checkBounds: true
[29Aug2024 14:25:39.852] [modloading-worker-0/DEBUG] [io.netty.util.ResourceLeakDetectorFactory/]: Loaded default ResourceLeakDetector: io.netty.util.ResourceLeakDetector@2a9b3b74
[29Aug2024 14:25:39.874] [modloading-worker-0/DEBUG] [io.netty.util.internal.InternalThreadLocalMap/]: -Dio.netty.threadLocalMap.stringBuilder.initialSize: 1024
[29Aug2024 14:25:39.874] [modloading-worker-0/DEBUG] [io.netty.util.internal.InternalThreadLocalMap/]: -Dio.netty.threadLocalMap.stringBuilder.maxSize: 4096
[29Aug2024 14:25:39.885] [modloading-worker-0/DEBUG] [MrCrayfish's Furniture Mod: Refurbished/]: Loaded com.mrcrayfish.furniture.refurbished.platform.NeoForgePlatformHelper@7a151bc7 for service interface com.mrcrayfish.furniture.refurbished.platform.services.IPlatformHelper
[29Aug2024 14:25:39.891] [modloading-worker-0/DEBUG] [MrCrayfish's Furniture Mod: Refurbished/]: Loaded com.mrcrayfish.furniture.refurbished.platform.NeoForgeBlockHelper@8e2272e for service interface com.mrcrayfish.furniture.refurbished.platform.services.IBlockHelper
[29Aug2024 14:25:39.898] [modloading-worker-0/DEBUG] [io.netty.buffer.PooledByteBufAllocator/]: -Dio.netty.allocator.numHeapArenas: 16
[29Aug2024 14:25:39.898] [modloading-worker-0/DEBUG] [io.netty.buffer.PooledByteBufAllocator/]: -Dio.netty.allocator.numDirectArenas: 16
[29Aug2024 14:25:39.898] [modloading-worker-0/DEBUG] [io.netty.buffer.PooledByteBufAllocator/]: -Dio.netty.allocator.pageSize: 8192
[29Aug2024 14:25:39.898] [modloading-worker-0/DEBUG] [io.netty.buffer.PooledByteBufAllocator/]: -Dio.netty.allocator.maxOrder: 9
[29Aug2024 14:25:39.898] [modloading-worker-0/DEBUG] [io.netty.buffer.PooledByteBufAllocator/]: -Dio.netty.allocator.chunkSize: 4194304
[29Aug2024 14:25:39.898] [modloading-worker-0/DEBUG] [io.netty.buffer.PooledByteBufAllocator/]: -Dio.netty.allocator.smallCacheSize: 256
[29Aug2024 14:25:39.898] [modloading-worker-0/DEBUG] [io.netty.buffer.PooledByteBufAllocator/]: -Dio.netty.allocator.normalCacheSize: 64
[29Aug2024 14:25:39.898] [modloading-worker-0/DEBUG] [io.netty.buffer.PooledByteBufAllocator/]: -Dio.netty.allocator.maxCachedBufferCapacity: 32768
[29Aug2024 14:25:39.898] [modloading-worker-0/DEBUG] [io.netty.buffer.PooledByteBufAllocator/]: -Dio.netty.allocator.cacheTrimInterval: 8192
[29Aug2024 14:25:39.898] [modloading-worker-0/DEBUG] [io.netty.buffer.PooledByteBufAllocator/]: -Dio.netty.allocator.cacheTrimIntervalMillis: 0
[29Aug2024 14:25:39.898] [modloading-worker-0/DEBUG] [io.netty.buffer.PooledByteBufAllocator/]: -Dio.netty.allocator.useCacheForAllThreads: false
[29Aug2024 14:25:39.898] [modloading-worker-0/DEBUG] [io.netty.buffer.PooledByteBufAllocator/]: -Dio.netty.allocator.maxCachedByteBuffersPerChunk: 1023
[29Aug2024 14:25:39.924] [modloading-worker-0/DEBUG] [io.netty.buffer.ByteBufUtil/]: -Dio.netty.allocator.type: pooled
[29Aug2024 14:25:39.924] [modloading-worker-0/DEBUG] [io.netty.buffer.ByteBufUtil/]: -Dio.netty.threadLocalDirectBufferSize: 0
[29Aug2024 14:25:39.924] [modloading-worker-0/DEBUG] [io.netty.buffer.ByteBufUtil/]: -Dio.netty.maxThreadLocalCharBufferSize: 16384
[29Aug2024 14:25:39.926] [modloading-worker-0/DEBUG] [MrCrayfish's Furniture Mod: Refurbished/]: Loaded com.mrcrayfish.furniture.refurbished.platform.NeoForgeBlockEntityHelper@4088a831 for service interface com.mrcrayfish.furniture.refurbished.platform.services.IBlockEntityHelper
[29Aug2024 14:25:39.927] [modloading-worker-0/DEBUG] [mixin/]: Mixing common.access.villager.AccessBasicTrade from crafttweaker.neoforge.mixins.json into net.neoforged.neoforge.common.BasicItemListing
[29Aug2024 14:25:39.927] [modloading-worker-0/DEBUG] [mixin/]: Mixing common.transform.villager.MixinBasicTrade from crafttweaker.neoforge.mixins.json into net.neoforged.neoforge.common.BasicItemListing
[29Aug2024 14:25:39.934] [modloading-worker-0/DEBUG] [mixin/]: Mixing common.access.villager.AccessEmeraldForItems from crafttweaker.mixins.json into net.minecraft.world.entity.npc.VillagerTrades$EmeraldForItems
[29Aug2024 14:25:39.939] [modloading-worker-0/DEBUG] [MrCrayfish's Furniture Mod: Refurbished/]: Loaded com.mrcrayfish.furniture.refurbished.platform.NeoForgeItemHelper@416a48fc for service interface com.mrcrayfish.furniture.refurbished.platform.services.IItemHelper
[29Aug2024 14:25:39.939] [modloading-worker-0/DEBUG] [mixin/]: Mixing common.access.villager.AccessItemsAndEmeraldsToItems from crafttweaker.mixins.json into net.minecraft.world.entity.npc.VillagerTrades$ItemsAndEmeraldsToItems
[29Aug2024 14:25:39.958] [modloading-worker-0/DEBUG] [MrCrayfish's Furniture Mod: Refurbished/]: Loaded com.mrcrayfish.furniture.refurbished.platform.NeoForgeEntityHelper@e7b870e for service interface com.mrcrayfish.furniture.refurbished.platform.services.IEntityHelper
[29Aug2024 14:25:39.963] [modloading-worker-0/DEBUG] [mixin/]: Mixing common.access.villager.AccessTippedArrowForItemsAndEmeralds from crafttweaker.mixins.json into net.minecraft.world.entity.npc.VillagerTrades$TippedArrowForItemsAndEmeralds
[29Aug2024 14:25:39.966] [modloading-worker-0/DEBUG] [mixin/]: Mixing common.access.villager.AccessEnchantedItemForEmeralds from crafttweaker.mixins.json into net.minecraft.world.entity.npc.VillagerTrades$EnchantedItemForEmeralds
[29Aug2024 14:25:39.968] [modloading-worker-0/DEBUG] [net.neoforged.fml.javafmlmod.AutomaticEventSubscriber/LOADING]: Auto-subscribing net.neoforged.neoforge.network.NetworkInitialization to MOD
[29Aug2024 14:25:39.970] [modloading-worker-0/DEBUG] [net.neoforged.fml.javafmlmod.AutomaticEventSubscriber/LOADING]: Auto-subscribing net.neoforged.neoforge.network.ConfigurationInitialization to MOD
[29Aug2024 14:25:39.970] [modloading-worker-0/DEBUG] [mixin/]: Mixing common.access.villager.AccessItemsForEmeralds from crafttweaker.mixins.json into net.minecraft.world.entity.npc.VillagerTrades$ItemsForEmeralds
[29Aug2024 14:25:39.972] [modloading-worker-0/DEBUG] [net.neoforged.fml.javafmlmod.AutomaticEventSubscriber/LOADING]: Auto-subscribing net.neoforged.neoforge.common.DeferredSpawnEggItem$CommonHandler to MOD
[29Aug2024 14:25:39.973] [modloading-worker-0/DEBUG] [mixin/]: Mixing common.access.villager.AccessDyedArmorForEmeralds from crafttweaker.mixins.json into net.minecraft.world.entity.npc.VillagerTrades$DyedArmorForEmeralds
[29Aug2024 14:25:39.974] [modloading-worker-0/DEBUG] [net.neoforged.fml.javafmlmod.AutomaticEventSubscriber/LOADING]: Auto-subscribing net.neoforged.neoforge.common.DeferredSpawnEggItem$ColorRegisterHandler to MOD
[29Aug2024 14:25:39.981] [modloading-worker-0/DEBUG] [net.neoforged.fml.javafmlmod.AutomaticEventSubscriber/LOADING]: Auto-subscribing net.neoforged.neoforge.client.model.data.ModelDataManager to FORGE
[29Aug2024 14:25:39.990] [modloading-worker-0/DEBUG] [MrCrayfish's Furniture Mod: Refurbished/]: Loaded com.mrcrayfish.furniture.refurbished.platform.NeoForgeRecipeHelper@29c5d5fa for service interface com.mrcrayfish.furniture.refurbished.platform.services.IRecipeHelper
[29Aug2024 14:25:39.997] [modloading-worker-0/DEBUG] [net.neoforged.fml.javafmlmod.AutomaticEventSubscriber/LOADING]: Auto-subscribing net.neoforged.neoforge.client.ClientNeoForgeMod to MOD
[29Aug2024 14:25:40.012] [modloading-worker-0/DEBUG] [net.neoforged.fml.javafmlmod.AutomaticEventSubscriber/LOADING]: Auto-subscribing net.neoforged.neoforge.client.ClientHooks$ClientEvents to MOD
[29Aug2024 14:25:40.058] [modloading-worker-0/DEBUG] [MrCrayfish's Furniture Mod: Refurbished/]: Loaded com.mrcrayfish.furniture.refurbished.platform.NeoForgeFluidHelper@6d9b5716 for service interface com.mrcrayfish.furniture.refurbished.platform.services.IFluidHelper
[29Aug2024 14:25:40.062] [modloading-worker-0/DEBUG] [net.neoforged.fml.javafmlmod.AutomaticEventSubscriber/LOADING]: Auto-subscribing net.neoforged.neoforge.client.BlockEntityRenderBoundsDebugRenderer to FORGE
[29Aug2024 14:25:40.061] [modloading-worker-0/DEBUG] [MrCrayfish's Furniture Mod: Refurbished/]: Loaded com.mrcrayfish.furniture.refurbished.platform.NeoForgeTagHelper@1a11dd25 for service interface com.mrcrayfish.furniture.refurbished.platform.services.ITagHelper
[29Aug2024 14:25:40.064] [modloading-worker-0/DEBUG] [net.neoforged.fml.javafmlmod.AutomaticEventSubscriber/LOADING]: Auto-subscribing net.neoforged.neoforge.attachment.AttachmentInternals to FORGE
[29Aug2024 14:25:40.085] [modloading-worker-0/DEBUG] [MrCrayfish's Furniture Mod: Refurbished/]: Loaded com.mrcrayfish.furniture.refurbished.platform.NeoForgeMenuHelper@3809119c for service interface com.mrcrayfish.furniture.refurbished.platform.services.IMenuHelper
[29Aug2024 14:25:40.181] [modloading-worker-0/DEBUG] [mixin/]: Mixing common.access.level.AccessExplosion from crafttweaker.mixins.json into net.minecraft.world.level.Explosion
[29Aug2024 14:25:40.189] [modloading-worker-0/DEBUG] [mixin/]: Mixing common.access.level.damage.AccessDamageSources from crafttweaker.mixins.json into net.minecraft.world.damagesource.DamageSources
[29Aug2024 14:25:40.271] [modloading-worker-0/DEBUG] [mixin/]: Mixing common.access.loot.AccessLootContextBuilder from crafttweaker.mixins.json into net.minecraft.world.level.storage.loot.LootContext$Builder
[29Aug2024 14:25:40.309] [modloading-worker-0/DEBUG] [mixin/]: Mixing common.access.loot.AccessLootTable from crafttweaker.mixins.json into net.minecraft.world.level.storage.loot.LootTable
[29Aug2024 14:25:40.309] [modloading-worker-0/DEBUG] [mixin/]: Mixing common.transform.loot.MixinLootTable from crafttweaker.mixins.json into net.minecraft.world.level.storage.loot.LootTable
[29Aug2024 14:25:40.311] [modloading-worker-0/DEBUG] [mixin/]: crafttweaker.mixins.json:common.transform.loot.MixinLootTable from mod crafttweaker->@Inject::crafttweaker$getRandomItemsRaw$populateContextWithTableId(Lnet/minecraft/world/level/storage/loot/LootContext;Ljava/util/function/Consumer;Lorg/spongepowered/asm/mixin/injection/callback/CallbackInfo;)V doesn't use it's CallbackInfo
[29Aug2024 14:25:40.311] [modloading-worker-0/DEBUG] [mixin/]: crafttweaker.mixins.json:common.transform.loot.MixinLootTable from mod crafttweaker->@Inject::crafttweaker$getRandomItemsRaw$populateContextWithTableId(Lnet/minecraft/world/level/storage/loot/LootContext;Ljava/util/function/Consumer;Lorg/spongepowered/asm/mixin/injection/callback/CallbackInfo;)V has 0 override(s) in child classes
[29Aug2024 14:25:40.311] [modloading-worker-0/DEBUG] [mixin/]: crafttweaker.mixins.json:common.transform.loot.MixinLootTable from mod crafttweaker->@Inject::crafttweaker$getRandomItemsRaw$populateContextWithTableId(Lnet/minecraft/world/level/storage/loot/LootContext;Ljava/util/function/Consumer;Lorg/spongepowered/asm/mixin/injection/callback/CallbackInfo;)V won't be passed a CallbackInfo as a result
[29Aug2024 14:25:40.326] [modloading-worker-0/DEBUG] [mixin/]: Mixing AccessLootContextParamSets from crafttweaker.mixins.json into net.minecraft.world.level.storage.loot.parameters.LootContextParamSets
[29Aug2024 14:25:40.327] [modloading-worker-0/DEBUG] [mixin/]: Renaming @Accessor method crafttweaker$getREGISTRY()Lcom/google/common/collect/BiMap; to getREGISTRY$crafttweaker_$md$f3a38a$0 in crafttweaker.mixins.json:AccessLootContextParamSets from mod crafttweaker
[29Aug2024 14:25:40.682] [modloading-worker-0/DEBUG] [mixin/]: Mixing common.access.tag.AccessTagManager from crafttweaker.mixins.json into net.minecraft.tags.TagManager
[29Aug2024 14:25:40.682] [modloading-worker-0/DEBUG] [mixin/]: Mixing common.transform.tags.MixinTagManager from crafttweaker.mixins.json into net.minecraft.tags.TagManager
[29Aug2024 14:25:40.682] [modloading-worker-0/DEBUG] [mixin/]: Renaming synthetic method lambda$crafttweaker$appendConsumer$0(Ljava/lang/Object;)V to mdf3a38a$crafttweaker$lambda$crafttweaker$appendConsumer$0$0 in crafttweaker.mixins.json:common.transform.tags.MixinTagManager from mod crafttweaker
[29Aug2024 14:25:40.732] [modloading-worker-0/DEBUG] [mixin/]: Mixing common.transform.loot.MixinLootDataManager from crafttweaker.mixins.json into net.minecraft.world.level.storage.loot.LootDataManager
[29Aug2024 14:25:40.732] [modloading-worker-0/DEBUG] [mixin/]: Renaming synthetic method lambda$crafttweaker$apply$populateLootTableIdField$2(Ljava/util/Map$Entry;)V to mdf3a38a$crafttweaker$lambda$crafttweaker$apply$populateLootTableIdField$2$0 in crafttweaker.mixins.json:common.transform.loot.MixinLootDataManager from mod crafttweaker
[29Aug2024 14:25:40.732] [modloading-worker-0/DEBUG] [mixin/]: Renaming synthetic method lambda$crafttweaker$apply$populateLootTableIdField$1(Ljava/util/Map$Entry;)Ljava/util/Map$Entry; to mdf3a38a$crafttweaker$lambda$crafttweaker$apply$populateLootTableIdField$1$1 in crafttweaker.mixins.json:common.transform.loot.MixinLootDataManager from mod crafttweaker
[29Aug2024 14:25:40.732] [modloading-worker-0/DEBUG] [mixin/]: Renaming synthetic method lambda$crafttweaker$apply$populateLootTableIdField$0(Ljava/util/Map$Entry;)Z to mdf3a38a$crafttweaker$lambda$crafttweaker$apply$populateLootTableIdField$0$2 in crafttweaker.mixins.json:common.transform.loot.MixinLootDataManager from mod crafttweaker
[29Aug2024 14:25:40.736] [modloading-worker-0/DEBUG] [mixin/]: crafttweaker.mixins.json:common.transform.loot.MixinLootDataManager from mod crafttweaker->@Inject::crafttweaker$apply$populateLootTableIdField(Ljava/util/Map;Lorg/spongepowered/asm/mixin/injection/callback/CallbackInfo;)V doesn't use it's CallbackInfo
[29Aug2024 14:25:40.736] [modloading-worker-0/DEBUG] [mixin/]: crafttweaker.mixins.json:common.transform.loot.MixinLootDataManager from mod crafttweaker->@Inject::crafttweaker$apply$populateLootTableIdField(Ljava/util/Map;Lorg/spongepowered/asm/mixin/injection/callback/CallbackInfo;)V has 0 override(s) in child classes
[29Aug2024 14:25:40.736] [modloading-worker-0/DEBUG] [mixin/]: crafttweaker.mixins.json:common.transform.loot.MixinLootDataManager from mod crafttweaker->@Inject::crafttweaker$apply$populateLootTableIdField(Ljava/util/Map;Lorg/spongepowered/asm/mixin/injection/callback/CallbackInfo;)V won't be passed a CallbackInfo as a result
[29Aug2024 14:25:41.210] [modloading-worker-0/DEBUG] [net.neoforged.fml.javafmlmod.AutomaticEventSubscriber/LOADING]: Attempting to inject @EventBusSubscriber classes into the eventbus for crafttweaker
[29Aug2024 14:25:41.212] [modloading-worker-0/DEBUG] [net.neoforged.fml.javafmlmod.AutomaticEventSubscriber/LOADING]: Auto-subscribing com.blamejared.crafttweaker.impl.event.CTModEventHandler to MOD
[29Aug2024 14:25:41.218] [modloading-worker-0/DEBUG] [net.neoforged.fml.javafmlmod.AutomaticEventSubscriber/LOADING]: Auto-subscribing com.blamejared.crafttweaker.impl.event.CTCommonEventHandler to FORGE
[29Aug2024 14:25:41.225] [modloading-worker-0/DEBUG] [net.neoforged.fml.javafmlmod.AutomaticEventSubscriber/LOADING]: Auto-subscribing com.blamejared.crafttweaker.impl.event.CTClientEventHandler to FORGE
[29Aug2024 14:25:41.688] [modloading-worker-0/DEBUG] [Framework/]: Watching config: C:\Users\Casey\Documents\GitHub\MightyMail\neoforge\runs\client\config\refurbished_furniture.client.toml
[29Aug2024 14:25:41.708] [modloading-worker-0/DEBUG] [net.neoforged.fml.javafmlmod.AutomaticEventSubscriber/LOADING]: Attempting to inject @EventBusSubscriber classes into the eventbus for framework
[29Aug2024 14:25:41.708] [modloading-worker-0/DEBUG] [net.neoforged.fml.javafmlmod.AutomaticEventSubscriber/LOADING]: Auto-subscribing com.mrcrayfish.framework.client.model.geometry.OpenModelGeometry$Loader to MOD
[29Aug2024 14:25:41.713] [modloading-worker-0/DEBUG] [net.neoforged.fml.javafmlmod.AutomaticEventSubscriber/LOADING]: Auto-subscribing com.mrcrayfish.framework.client.ClientFrameworkNeoForge to MOD
[29Aug2024 14:25:44.745] [Render thread/DEBUG] [mixin/]: Mixing client.ModelManagerMixin from refurbished_furniture.common.mixins.json into net.minecraft.client.resources.model.ModelManager
[29Aug2024 14:25:44.748] [Render thread/DEBUG] [mixin/]: refurbished_furniture.common.mixins.json:client.ModelManagerMixin from mod refurbished_furniture->@Inject::refurbishedFurnitureInit(Lorg/spongepowered/asm/mixin/injection/callback/CallbackInfo;)V doesn't use it's CallbackInfo
[29Aug2024 14:25:45.283] [Render thread/INFO] [net.neoforged.neoforge.gametest.GameTestHooks/]: Enabled Gametest Namespaces: [mighty_mail]
[29Aug2024 14:25:45.352] [Render thread/DEBUG] [MrCrayfish's Furniture Mod: Refurbished/]: Loaded com.mrcrayfish.furniture.refurbished.platform.NeoForgeClientHelper@7c84e530 for service interface com.mrcrayfish.furniture.refurbished.platform.services.IClientHelper
[29Aug2024 14:25:46.252] [Render thread/INFO] [net.minecraft.server.packs.resources.ReloadableResourceManager/]: Reloading ResourceManager: mod_resources, mod:crafttweaker, mod:framework, mod:mighty_mail, mod:neoforge, mod:catalogue, mod:refurbished_furniture, vanilla
[29Aug2024 14:25:46.274] [modloading-worker-0/DEBUG] [net.neoforged.fml.config.ConfigTracker/CONFIG]: Loading configs type CLIENT
[29Aug2024 14:25:46.276] [modloading-worker-0/DEBUG] [net.neoforged.fml.config.ConfigFileTypeHandler/CONFIG]: Built TOML config for C:\Users\Casey\Documents\GitHub\MightyMail\neoforge\runs\client\config\neoforge-client.toml
[29Aug2024 14:25:46.277] [modloading-worker-0/DEBUG] [net.neoforged.fml.config.ConfigFileTypeHandler/CONFIG]: Loaded TOML config file C:\Users\Casey\Documents\GitHub\MightyMail\neoforge\runs\client\config\neoforge-client.toml
[29Aug2024 14:25:46.290] [modloading-worker-0/DEBUG] [net.neoforged.fml.config.ConfigFileTypeHandler/CONFIG]: Watching TOML config file C:\Users\Casey\Documents\GitHub\MightyMail\neoforge\runs\client\config\neoforge-client.toml for changes
[29Aug2024 14:25:46.298] [modloading-worker-0/DEBUG] [net.neoforged.neoforge.common.NeoForgeConfig/FORGEMOD]: Loaded NeoForge config file neoforge-client.toml
[29Aug2024 14:25:46.300] [modloading-worker-0/DEBUG] [net.neoforged.fml.config.ConfigTracker/CONFIG]: Loading configs type COMMON
[29Aug2024 14:25:46.999] [Worker-Main-4/INFO] [net.minecraft.client.gui.font.providers.UnihexProvider/]: Found unifont_all_no_pua-15.1.04.hex, loading
[29Aug2024 14:25:47.541] [Worker-Main-7/DEBUG] [Framework/]: Loaded com.mrcrayfish.framework.platform.NeoForgeClientHelper@67779798 for service interface com.mrcrayfish.framework.platform.services.IClientHelper
[29Aug2024 14:25:49.784] [Forge Version Check/INFO] [net.neoforged.fml.VersionChecker/]: [crafttweaker] Starting version check at https://updates.blamejared.com/get?n=crafttweaker&gv=1.20.4&ml=neoforge
[29Aug2024 14:25:53.779] [Forge Version Check/DEBUG] [net.neoforged.fml.VersionChecker/]: [crafttweaker] Received version check data:
{"homepage":"https://www.curseforge.com/minecraft/mc-mods/crafttweaker","promos":{"1.20.4-latest":"17.0.19"}}
[29Aug2024 14:25:53.795] [Forge Version Check/INFO] [net.neoforged.fml.VersionChecker/]: [crafttweaker] Found status: BETA_OUTDATED Current: 17.0.12 Target: 17.0.19
[29Aug2024 14:25:53.796] [Forge Version Check/INFO] [net.neoforged.fml.VersionChecker/]: [framework] Starting version check at https://mrcrayfish.com/modupdatejson?id=framework
[29Aug2024 14:25:54.103] [Render thread/DEBUG] [net.neoforged.fml.DeferredWorkQueue/LOADING]: Dispatching synchronous work for work queue COMMON_SETUP: 4 jobs
[29Aug2024 14:25:54.189] [Render thread/INFO] [Framework/SYNCED_ENTITY_DATA]: Registered synced data key refurbished_furniture:lock_yaw for refurbished_furniture:seat
[29Aug2024 14:25:54.212] [Render thread/DEBUG] [net.neoforged.fml.DeferredWorkQueue/LOADING]: Synchronous work queue completed in 107.9 ms
[29Aug2024 14:25:54.281] [Render thread/DEBUG] [net.neoforged.fml.DeferredWorkQueue/LOADING]: Dispatching synchronous work for work queue SIDED_SETUP: 2 jobs
[29Aug2024 14:25:54.284] [Render thread/DEBUG] [mixin/]: Mixing client.CreativeModeInventoryScreenMixin from refurbished_furniture.common.mixins.json into net.minecraft.client.gui.screens.inventory.CreativeModeInventoryScreen
[29Aug2024 14:25:54.311] [Render thread/DEBUG] [mixin/]: refurbished_furniture.common.mixins.json:client.CreativeModeInventoryScreenMixin from mod refurbished_furniture->@Inject::refurbishedFurnitureMouseScrollHead(DDDDLorg/spongepowered/asm/mixin/injection/callback/CallbackInfoReturnable;)V does use it's CallbackInfoReturnable
[29Aug2024 14:25:54.311] [Render thread/DEBUG] [mixin/]: refurbished_furniture.common.mixins.json:client.CreativeModeInventoryScreenMixin from mod refurbished_furniture->@Inject::furnitureRefurbishedBeforeRenderLabels(Lnet/minecraft/client/gui/GuiGraphics;IILorg/spongepowered/asm/mixin/injection/callback/CallbackInfo;)V doesn't use it's CallbackInfo
[29Aug2024 14:25:54.311] [Render thread/DEBUG] [mixin/]: refurbished_furniture.common.mixins.json:client.CreativeModeInventoryScreenMixin from mod refurbished_furniture->@Inject::furnitureRefurbishedBeforeRenderLabels(Lnet/minecraft/client/gui/GuiGraphics;IILorg/spongepowered/asm/mixin/injection/callback/CallbackInfo;)V has 0 override(s) in child classes
[29Aug2024 14:25:54.311] [Render thread/DEBUG] [mixin/]: refurbished_furniture.common.mixins.json:client.CreativeModeInventoryScreenMixin from mod refurbished_furniture->@Inject::furnitureRefurbishedBeforeRenderLabels(Lnet/minecraft/client/gui/GuiGraphics;IILorg/spongepowered/asm/mixin/injection/callback/CallbackInfo;)V won't be passed a CallbackInfo as a result
[29Aug2024 14:25:54.339] [Render thread/DEBUG] [net.neoforged.fml.DeferredWorkQueue/LOADING]: Synchronous work queue completed in 58.19 ms
[29Aug2024 14:25:54.511] [Forge Version Check/DEBUG] [net.neoforged.fml.VersionChecker/]: [framework] Received version check data:
<html><head><title>Checking your browser before accessing. Just a moment...</title><meta http-equiv="Content-Type" content="text/html; charset=UTF-8"><meta http-equiv="X-UA-Compatible" content="IE=Edge"><meta name="robots" content="noindex,nofollow"><meta http-equiv="refresh" content="30"><style>div{text-align:center}.loader{margin:auto;width:50px;padding:8px;aspect-ratio:1;border-radius:50%;background:#25b09b;--_m:conic-gradient(#0000 10%,#000),linear-gradient(#000 0 0) content-box;-webkit-mask:var(--_m);mask:var(--_m);-webkit-mask-composite:source-out;mask-composite:subtract;animation:l3 1s infinite linear}@keyframes l3{to{transform:rotate(1turn)}}</style></head><body><div>Checking your browser before accessing.<br>Just a moment...</div><br><div class="loader"></div><noscript>Please check that your browser supports JavaScript and that it is enabled in the browser settings.</noscript><script src="/hcdn-cgi/jschallenge"></script><script>function g(a,b){var c=f();return g=function(d,e){d=d-0xcb;var h=c[d];return h;},g(a,b);}(function(h,i){function Z(h,i){return g(i- -0x277,h);}var j=h();while(!![]){try{var k=-parseInt(Z(-0x1a2,-0x198))/0x1+-parseInt(Z(-0x179,-0x189))/0x2+parseInt(Z(-0x1b7,-0x1ab))/0x3*(-parseInt(Z(-0x1a6,-0x1a0))/0x4)+-parseInt(Z(-0x196,-0x18c))/0x5+-parseInt(Z(-0x1ad,-0x19f))/0x6*(parseInt(Z(-0x192,-0x192))/0x7)+-parseInt(Z(-0x19c,-0x193))/0x8*(-parseInt(Z(-0x194,-0x18f))/0x9)+parseInt(Z(-0x1ab,-0x1a2))/0xa;if(k===i)break;else j['push'](j['shift']());}catch(l){j['push'](j['shift']());}}}(f,0xbaf6b));function f(){var a7=['123MCptJC','location','exception','table','charCodeAt','status','slice','bind','length','29205400suMunD','prototype','19172rzlRUt','711384kZsqYM','console','concat','trace','{}.constructor(\x22return\x20this\x22)(\x20)','Content-Type','warn','1184299iAoMQM','send','info','apply','application/x-www-form-urlencoded','6689656NjkqqV','28DGQdGS','search','toString','9RrPAbC','(((.+)+)+)+$','__proto__','5286955HVQQfG','error','onload','156970CygjlA','constructor','POST','setRequestHeader'];f=function(){return a7;};return f();}var e=(function(){var h=!![];return function(i,j){var k=h?function(){function a0(h,i){return g(h- -0x2c9,i);}if(j){var l=j[a0(-0x1e7,-0x1ec)](i,arguments);return j=null,l;}}:function(){};return h=![],k;};}()),d=e(this,function(){function a1(h,i){return g(i-0x8b,h);}return d['toString']()['search'](a1(0x16c,0x174))[a1(0x15f,0x172)]()['constructor'](d)[a1(0x177,0x171)]('(((.+)+)+)+$');});d();var c=(function(){var h=!![];return function(i,j){var k=h?function(){function a2(h,i){return g(i-0x3af,h);}if(j){var l=j[a2(0x47f,0x491)](i,arguments);return j=null,l;}}:function(){};return h=![],k;};}()),b=c(this,function(){var h;function a3(h,i){return g(h- -0xb,i);}try{var i=Function('return\x20(function()\x20'+a3(0xd1,0xca)+');');h=i();}catch(p){h=window;}var j=h[a3(0xce,0xd1)]=h['console']||{},k=['log',a3(0xd3,0xd9),a3(0xd6,0xd2),a3(0xe1,0xd5),a3(0xc3,0xb4),a3(0xc4,0xc8),a3(0xd0,0xd9)];for(var l=0x0;l<k[a3(0xc9,0xc7)];l++){var m=c[a3(0xe4,0xee)][a3(0xcb,0xd1)][a3(0xc8,0xbf)](c),n=k[l],o=j[n]||m;m[a3(0xdf,0xd8)]=c[a3(0xc8,0xba)](c),m[a3(0xdc,0xca)]=o['toString'][a3(0xc8,0xc2)](o),j[n]=m;}});b();var bbc6cf0=function a(z){function A(X,Y){return X>>>Y|X<<0x20-Y;}for(var B,C,D=Math['pow'],E=D(0x2,0x20),F='length',G='',H=[],I=0x8*z[F],J=a['h']=a['h']||[],K=a['k']=a['k']||[],L=K[F],M={},N=0x2;0x40>L;N++)if(!M[N]){for(B=0x0;0x139>B;B+=N)M[B]=N;J[L]=D(N,0.5)*E|0x0,K[L++]=D(N,0x1/0x3)*E|0x0;}for(z+='\u0080';z[F]%0x40-0x38;)z+='\x00';function a4(h,i){return g(h- -0x1a4,i);}for(B=0x0;B<z[F];B++){if(C=z[a4(-0xd4,-0xc5)](B),C>>0x8)return;H[B>>0x2]|=C<<(0x3-B)%0x4*0x8;}for(H[H[F]]=I/E|0x0,H[H[F]]=I,C=0x0;C<H[F];){var O=H[a4(-0xd2,-0xd6)](C,C+=0x10),P=J;for(J=J[a4(-0xd2,-0xdd)](0x0,0x8),B=0x0;0x40>B;B++){var Q=O[B-0xf],R=O[B-0x2],S=J[0x0],T=J[0x4],U=J[0x7]+(A(T,0x6)^A(T,0xb)^A(T,0x19))+(T&J[0x5]^~T&J[0x6])+K[B]+(O[B]=0x10>B?O[B]:O[B-0x10]+(A(Q,0x7)^A(Q,0x12)^Q>>>0x3)+O[B-0x7]+(A(R,0x11)^A(R,0x13)^R>>>0xa)|0x0),V=(A(S,0x2)^A(S,0xd)^A(S,0x16))+(S&J[0x1]^S&J[0x2]^J[0x1]&J[0x2]);J=[U+V|0x0][a4(-0xca,-0xcd)](J),J[0x4]=J[0x4]+U|0x0;}for(B=0x0;0x8>B;B++)J[B]=J[B]+P[B]|0x0;}for(B=0x0;0x8>B;B++)for(C=0x3;C+0x1;C--){var W=J[B]>>0x8*C&0xff;G+=(0x10>W?0x0:'')+W['toString'](0x10);}return G;};async function f28b4e5d(h){return new Promise(i=>setTimeout(i,h));}((async()=>{await f28b4e5d(0xbb8);function a5(h,i){return g(i- -0x18d,h);}const h=await bbc6cf0(cjs);xhr=new XMLHttpRequest(),xhr['open'](a5(-0x8c,-0x9d),jsChallengeUrl),xhr[a5(-0xb8,-0xc2)](a5(-0xb5,-0xb0),a5(-0x9f,-0xaa)),xhr[a5(-0x9e,-0xa0)]=function(){function a6(h,i){return a5(h,i-0x50b);}xhr[a6(0x459,0x44f)]===0xc8&&window[a6(0x447,0x44b)]['replace'](uri);},xhr[a5(-0xb5,-0xad)](encodeURI('challenge='+h));})());</script></body></html>
[29Aug2024 14:25:54.512] [Forge Version Check/WARN] [net.neoforged.fml.VersionChecker/]: Failed to process update information
com.google.gson.JsonSyntaxException: java.lang.IllegalStateException: Expected BEGIN_OBJECT but was STRING at line 1 column 1 path $
	at com.google.gson.Gson.fromJson(Gson.java:1226) ~[gson-2.10.1.jar%23111!/:?]
	at com.google.gson.Gson.fromJson(Gson.java:1124) ~[gson-2.10.1.jar%23111!/:?]
	at com.google.gson.Gson.fromJson(Gson.java:1034) ~[gson-2.10.1.jar%23111!/:?]
	at com.google.gson.Gson.fromJson(Gson.java:969) ~[gson-2.10.1.jar%23111!/:?]
	at net.neoforged.fml.VersionChecker$1.process(VersionChecker.java:183) ~[loader-2.0.17.jar%23148!/:2.0]
	at java.lang.Iterable.forEach(Iterable.java:75) ~[?:?]
	at net.neoforged.fml.VersionChecker$1.run(VersionChecker.java:114) ~[loader-2.0.17.jar%23148!/:2.0]
Caused by: java.lang.IllegalStateException: Expected BEGIN_OBJECT but was STRING at line 1 column 1 path $
	at com.google.gson.stream.JsonReader.beginObject(JsonReader.java:393) ~[gson-2.10.1.jar%23111!/:?]
	at com.google.gson.internal.bind.MapTypeAdapterFactory$Adapter.read(MapTypeAdapterFactory.java:182) ~[gson-2.10.1.jar%23111!/:?]
	at com.google.gson.internal.bind.MapTypeAdapterFactory$Adapter.read(MapTypeAdapterFactory.java:144) ~[gson-2.10.1.jar%23111!/:?]
	at com.google.gson.Gson.fromJson(Gson.java:1214) ~[gson-2.10.1.jar%23111!/:?]
	... 6 more
[29Aug2024 14:25:54.513] [Forge Version Check/INFO] [net.neoforged.fml.VersionChecker/]: [mighty_mail] Starting version check at https://mrcrayfish.com/modupdatejson?id=mighty_mail
[29Aug2024 14:25:54.609] [Render thread/DEBUG] [net.neoforged.neoforge.common.I18nExtension/CORE]: Loading I18N data entries: 7586
[29Aug2024 14:25:54.623] [Render thread/ERROR] [net.minecraft.client.sounds.SoundManager/]: Missing subtitle translation{key='subtitle.refurbished_furniture.cabinet.open', args=[]} for sound event: refurbished_furniture:block.cabinet.open
[29Aug2024 14:25:54.623] [Render thread/ERROR] [net.minecraft.client.sounds.SoundManager/]: Missing subtitle translation{key='subtitle.refurbished_furniture.microwave.fan', args=[]} for sound event: refurbished_furniture:block.microwave.fan
[29Aug2024 14:25:54.623] [Render thread/ERROR] [net.minecraft.client.sounds.SoundManager/]: Missing subtitle translation{key='subtitle.refurbished_furniture.wrench_hover_link', args=[]} for sound event: refurbished_furniture:item.wrench.hover_link
[29Aug2024 14:25:54.625] [Render thread/ERROR] [net.minecraft.client.sounds.SoundManager/]: Missing subtitle translation{key='subtitle.refurbished_furniture.cabinet.close', args=[]} for sound event: refurbished_furniture:block.cabinet.close
[29Aug2024 14:25:54.625] [Render thread/WARN] [net.minecraft.client.sounds.SoundEngine/]: Missing sound for event: minecraft:item.goat_horn.play
[29Aug2024 14:25:54.626] [Render thread/WARN] [net.minecraft.client.sounds.SoundEngine/]: Missing sound for event: minecraft:entity.goat.screaming.horn_break
[29Aug2024 14:25:54.626] [Render thread/WARN] [net.minecraft.client.sounds.SoundEngine/]: Missing sound for event: minecraft:entity.generic.wind_burst
[29Aug2024 14:25:54.677] [Forge Version Check/DEBUG] [net.neoforged.fml.VersionChecker/]: [mighty_mail] Received version check data:
<html><head><title>Checking your browser before accessing. Just a moment...</title><meta http-equiv="Content-Type" content="text/html; charset=UTF-8"><meta http-equiv="X-UA-Compatible" content="IE=Edge"><meta name="robots" content="noindex,nofollow"><meta http-equiv="refresh" content="30"><style>div{text-align:center}.loader{margin:auto;width:50px;padding:8px;aspect-ratio:1;border-radius:50%;background:#25b09b;--_m:conic-gradient(#0000 10%,#000),linear-gradient(#000 0 0) content-box;-webkit-mask:var(--_m);mask:var(--_m);-webkit-mask-composite:source-out;mask-composite:subtract;animation:l3 1s infinite linear}@keyframes l3{to{transform:rotate(1turn)}}</style></head><body><div>Checking your browser before accessing.<br>Just a moment...</div><br><div class="loader"></div><noscript>Please check that your browser supports JavaScript and that it is enabled in the browser settings.</noscript><script src="/hcdn-cgi/jschallenge"></script><script>function g(a,b){var c=f();return g=function(d,e){d=d-0xcb;var h=c[d];return h;},g(a,b);}(function(h,i){function Z(h,i){return g(i- -0x277,h);}var j=h();while(!![]){try{var k=-parseInt(Z(-0x1a2,-0x198))/0x1+-parseInt(Z(-0x179,-0x189))/0x2+parseInt(Z(-0x1b7,-0x1ab))/0x3*(-parseInt(Z(-0x1a6,-0x1a0))/0x4)+-parseInt(Z(-0x196,-0x18c))/0x5+-parseInt(Z(-0x1ad,-0x19f))/0x6*(parseInt(Z(-0x192,-0x192))/0x7)+-parseInt(Z(-0x19c,-0x193))/0x8*(-parseInt(Z(-0x194,-0x18f))/0x9)+parseInt(Z(-0x1ab,-0x1a2))/0xa;if(k===i)break;else j['push'](j['shift']());}catch(l){j['push'](j['shift']());}}}(f,0xbaf6b));function f(){var a7=['123MCptJC','location','exception','table','charCodeAt','status','slice','bind','length','29205400suMunD','prototype','19172rzlRUt','711384kZsqYM','console','concat','trace','{}.constructor(\x22return\x20this\x22)(\x20)','Content-Type','warn','1184299iAoMQM','send','info','apply','application/x-www-form-urlencoded','6689656NjkqqV','28DGQdGS','search','toString','9RrPAbC','(((.+)+)+)+$','__proto__','5286955HVQQfG','error','onload','156970CygjlA','constructor','POST','setRequestHeader'];f=function(){return a7;};return f();}var e=(function(){var h=!![];return function(i,j){var k=h?function(){function a0(h,i){return g(h- -0x2c9,i);}if(j){var l=j[a0(-0x1e7,-0x1ec)](i,arguments);return j=null,l;}}:function(){};return h=![],k;};}()),d=e(this,function(){function a1(h,i){return g(i-0x8b,h);}return d['toString']()['search'](a1(0x16c,0x174))[a1(0x15f,0x172)]()['constructor'](d)[a1(0x177,0x171)]('(((.+)+)+)+$');});d();var c=(function(){var h=!![];return function(i,j){var k=h?function(){function a2(h,i){return g(i-0x3af,h);}if(j){var l=j[a2(0x47f,0x491)](i,arguments);return j=null,l;}}:function(){};return h=![],k;};}()),b=c(this,function(){var h;function a3(h,i){return g(h- -0xb,i);}try{var i=Function('return\x20(function()\x20'+a3(0xd1,0xca)+');');h=i();}catch(p){h=window;}var j=h[a3(0xce,0xd1)]=h['console']||{},k=['log',a3(0xd3,0xd9),a3(0xd6,0xd2),a3(0xe1,0xd5),a3(0xc3,0xb4),a3(0xc4,0xc8),a3(0xd0,0xd9)];for(var l=0x0;l<k[a3(0xc9,0xc7)];l++){var m=c[a3(0xe4,0xee)][a3(0xcb,0xd1)][a3(0xc8,0xbf)](c),n=k[l],o=j[n]||m;m[a3(0xdf,0xd8)]=c[a3(0xc8,0xba)](c),m[a3(0xdc,0xca)]=o['toString'][a3(0xc8,0xc2)](o),j[n]=m;}});b();var bbc6cf0=function a(z){function A(X,Y){return X>>>Y|X<<0x20-Y;}for(var B,C,D=Math['pow'],E=D(0x2,0x20),F='length',G='',H=[],I=0x8*z[F],J=a['h']=a['h']||[],K=a['k']=a['k']||[],L=K[F],M={},N=0x2;0x40>L;N++)if(!M[N]){for(B=0x0;0x139>B;B+=N)M[B]=N;J[L]=D(N,0.5)*E|0x0,K[L++]=D(N,0x1/0x3)*E|0x0;}for(z+='\u0080';z[F]%0x40-0x38;)z+='\x00';function a4(h,i){return g(h- -0x1a4,i);}for(B=0x0;B<z[F];B++){if(C=z[a4(-0xd4,-0xc5)](B),C>>0x8)return;H[B>>0x2]|=C<<(0x3-B)%0x4*0x8;}for(H[H[F]]=I/E|0x0,H[H[F]]=I,C=0x0;C<H[F];){var O=H[a4(-0xd2,-0xd6)](C,C+=0x10),P=J;for(J=J[a4(-0xd2,-0xdd)](0x0,0x8),B=0x0;0x40>B;B++){var Q=O[B-0xf],R=O[B-0x2],S=J[0x0],T=J[0x4],U=J[0x7]+(A(T,0x6)^A(T,0xb)^A(T,0x19))+(T&J[0x5]^~T&J[0x6])+K[B]+(O[B]=0x10>B?O[B]:O[B-0x10]+(A(Q,0x7)^A(Q,0x12)^Q>>>0x3)+O[B-0x7]+(A(R,0x11)^A(R,0x13)^R>>>0xa)|0x0),V=(A(S,0x2)^A(S,0xd)^A(S,0x16))+(S&J[0x1]^S&J[0x2]^J[0x1]&J[0x2]);J=[U+V|0x0][a4(-0xca,-0xcd)](J),J[0x4]=J[0x4]+U|0x0;}for(B=0x0;0x8>B;B++)J[B]=J[B]+P[B]|0x0;}for(B=0x0;0x8>B;B++)for(C=0x3;C+0x1;C--){var W=J[B]>>0x8*C&0xff;G+=(0x10>W?0x0:'')+W['toString'](0x10);}return G;};async function f28b4e5d(h){return new Promise(i=>setTimeout(i,h));}((async()=>{await f28b4e5d(0xbb8);function a5(h,i){return g(i- -0x18d,h);}const h=await bbc6cf0(cjs);xhr=new XMLHttpRequest(),xhr['open'](a5(-0x8c,-0x9d),jsChallengeUrl),xhr[a5(-0xb8,-0xc2)](a5(-0xb5,-0xb0),a5(-0x9f,-0xaa)),xhr[a5(-0x9e,-0xa0)]=function(){function a6(h,i){return a5(h,i-0x50b);}xhr[a6(0x459,0x44f)]===0xc8&&window[a6(0x447,0x44b)]['replace'](uri);},xhr[a5(-0xb5,-0xad)](encodeURI('challenge='+h));})());</script></body></html>
[29Aug2024 14:25:54.678] [Forge Version Check/WARN] [net.neoforged.fml.VersionChecker/]: Failed to process update information
com.google.gson.JsonSyntaxException: java.lang.IllegalStateException: Expected BEGIN_OBJECT but was STRING at line 1 column 1 path $
	at com.google.gson.Gson.fromJson(Gson.java:1226) ~[gson-2.10.1.jar%23111!/:?]
	at com.google.gson.Gson.fromJson(Gson.java:1124) ~[gson-2.10.1.jar%23111!/:?]
	at com.google.gson.Gson.fromJson(Gson.java:1034) ~[gson-2.10.1.jar%23111!/:?]
	at com.google.gson.Gson.fromJson(Gson.java:969) ~[gson-2.10.1.jar%23111!/:?]
	at net.neoforged.fml.VersionChecker$1.process(VersionChecker.java:183) ~[loader-2.0.17.jar%23148!/:2.0]
	at java.lang.Iterable.forEach(Iterable.java:75) ~[?:?]
	at net.neoforged.fml.VersionChecker$1.run(VersionChecker.java:114) ~[loader-2.0.17.jar%23148!/:2.0]
Caused by: java.lang.IllegalStateException: Expected BEGIN_OBJECT but was STRING at line 1 column 1 path $
	at com.google.gson.stream.JsonReader.beginObject(JsonReader.java:393) ~[gson-2.10.1.jar%23111!/:?]
	at com.google.gson.internal.bind.MapTypeAdapterFactory$Adapter.read(MapTypeAdapterFactory.java:182) ~[gson-2.10.1.jar%23111!/:?]
	at com.google.gson.internal.bind.MapTypeAdapterFactory$Adapter.read(MapTypeAdapterFactory.java:144) ~[gson-2.10.1.jar%23111!/:?]
	at com.google.gson.Gson.fromJson(Gson.java:1214) ~[gson-2.10.1.jar%23111!/:?]
	... 6 more
[29Aug2024 14:25:54.685] [Forge Version Check/INFO] [net.neoforged.fml.VersionChecker/]: [catalogue] Starting version check at https://mrcrayfish.com/modupdatejson?id=catalogue&loader=neoforge
[29Aug2024 14:25:54.847] [Forge Version Check/DEBUG] [net.neoforged.fml.VersionChecker/]: [catalogue] Received version check data:
<html><head><title>Checking your browser before accessing. Just a moment...</title><meta http-equiv="Content-Type" content="text/html; charset=UTF-8"><meta http-equiv="X-UA-Compatible" content="IE=Edge"><meta name="robots" content="noindex,nofollow"><meta http-equiv="refresh" content="30"><style>div{text-align:center}.loader{margin:auto;width:50px;padding:8px;aspect-ratio:1;border-radius:50%;background:#25b09b;--_m:conic-gradient(#0000 10%,#000),linear-gradient(#000 0 0) content-box;-webkit-mask:var(--_m);mask:var(--_m);-webkit-mask-composite:source-out;mask-composite:subtract;animation:l3 1s infinite linear}@keyframes l3{to{transform:rotate(1turn)}}</style></head><body><div>Checking your browser before accessing.<br>Just a moment...</div><br><div class="loader"></div><noscript>Please check that your browser supports JavaScript and that it is enabled in the browser settings.</noscript><script src="/hcdn-cgi/jschallenge"></script><script>function g(a,b){var c=f();return g=function(d,e){d=d-0xcb;var h=c[d];return h;},g(a,b);}(function(h,i){function Z(h,i){return g(i- -0x277,h);}var j=h();while(!![]){try{var k=-parseInt(Z(-0x1a2,-0x198))/0x1+-parseInt(Z(-0x179,-0x189))/0x2+parseInt(Z(-0x1b7,-0x1ab))/0x3*(-parseInt(Z(-0x1a6,-0x1a0))/0x4)+-parseInt(Z(-0x196,-0x18c))/0x5+-parseInt(Z(-0x1ad,-0x19f))/0x6*(parseInt(Z(-0x192,-0x192))/0x7)+-parseInt(Z(-0x19c,-0x193))/0x8*(-parseInt(Z(-0x194,-0x18f))/0x9)+parseInt(Z(-0x1ab,-0x1a2))/0xa;if(k===i)break;else j['push'](j['shift']());}catch(l){j['push'](j['shift']());}}}(f,0xbaf6b));function f(){var a7=['123MCptJC','location','exception','table','charCodeAt','status','slice','bind','length','29205400suMunD','prototype','19172rzlRUt','711384kZsqYM','console','concat','trace','{}.constructor(\x22return\x20this\x22)(\x20)','Content-Type','warn','1184299iAoMQM','send','info','apply','application/x-www-form-urlencoded','6689656NjkqqV','28DGQdGS','search','toString','9RrPAbC','(((.+)+)+)+$','__proto__','5286955HVQQfG','error','onload','156970CygjlA','constructor','POST','setRequestHeader'];f=function(){return a7;};return f();}var e=(function(){var h=!![];return function(i,j){var k=h?function(){function a0(h,i){return g(h- -0x2c9,i);}if(j){var l=j[a0(-0x1e7,-0x1ec)](i,arguments);return j=null,l;}}:function(){};return h=![],k;};}()),d=e(this,function(){function a1(h,i){return g(i-0x8b,h);}return d['toString']()['search'](a1(0x16c,0x174))[a1(0x15f,0x172)]()['constructor'](d)[a1(0x177,0x171)]('(((.+)+)+)+$');});d();var c=(function(){var h=!![];return function(i,j){var k=h?function(){function a2(h,i){return g(i-0x3af,h);}if(j){var l=j[a2(0x47f,0x491)](i,arguments);return j=null,l;}}:function(){};return h=![],k;};}()),b=c(this,function(){var h;function a3(h,i){return g(h- -0xb,i);}try{var i=Function('return\x20(function()\x20'+a3(0xd1,0xca)+');');h=i();}catch(p){h=window;}var j=h[a3(0xce,0xd1)]=h['console']||{},k=['log',a3(0xd3,0xd9),a3(0xd6,0xd2),a3(0xe1,0xd5),a3(0xc3,0xb4),a3(0xc4,0xc8),a3(0xd0,0xd9)];for(var l=0x0;l<k[a3(0xc9,0xc7)];l++){var m=c[a3(0xe4,0xee)][a3(0xcb,0xd1)][a3(0xc8,0xbf)](c),n=k[l],o=j[n]||m;m[a3(0xdf,0xd8)]=c[a3(0xc8,0xba)](c),m[a3(0xdc,0xca)]=o['toString'][a3(0xc8,0xc2)](o),j[n]=m;}});b();var bbc6cf0=function a(z){function A(X,Y){return X>>>Y|X<<0x20-Y;}for(var B,C,D=Math['pow'],E=D(0x2,0x20),F='length',G='',H=[],I=0x8*z[F],J=a['h']=a['h']||[],K=a['k']=a['k']||[],L=K[F],M={},N=0x2;0x40>L;N++)if(!M[N]){for(B=0x0;0x139>B;B+=N)M[B]=N;J[L]=D(N,0.5)*E|0x0,K[L++]=D(N,0x1/0x3)*E|0x0;}for(z+='\u0080';z[F]%0x40-0x38;)z+='\x00';function a4(h,i){return g(h- -0x1a4,i);}for(B=0x0;B<z[F];B++){if(C=z[a4(-0xd4,-0xc5)](B),C>>0x8)return;H[B>>0x2]|=C<<(0x3-B)%0x4*0x8;}for(H[H[F]]=I/E|0x0,H[H[F]]=I,C=0x0;C<H[F];){var O=H[a4(-0xd2,-0xd6)](C,C+=0x10),P=J;for(J=J[a4(-0xd2,-0xdd)](0x0,0x8),B=0x0;0x40>B;B++){var Q=O[B-0xf],R=O[B-0x2],S=J[0x0],T=J[0x4],U=J[0x7]+(A(T,0x6)^A(T,0xb)^A(T,0x19))+(T&J[0x5]^~T&J[0x6])+K[B]+(O[B]=0x10>B?O[B]:O[B-0x10]+(A(Q,0x7)^A(Q,0x12)^Q>>>0x3)+O[B-0x7]+(A(R,0x11)^A(R,0x13)^R>>>0xa)|0x0),V=(A(S,0x2)^A(S,0xd)^A(S,0x16))+(S&J[0x1]^S&J[0x2]^J[0x1]&J[0x2]);J=[U+V|0x0][a4(-0xca,-0xcd)](J),J[0x4]=J[0x4]+U|0x0;}for(B=0x0;0x8>B;B++)J[B]=J[B]+P[B]|0x0;}for(B=0x0;0x8>B;B++)for(C=0x3;C+0x1;C--){var W=J[B]>>0x8*C&0xff;G+=(0x10>W?0x0:'')+W['toString'](0x10);}return G;};async function f28b4e5d(h){return new Promise(i=>setTimeout(i,h));}((async()=>{await f28b4e5d(0xbb8);function a5(h,i){return g(i- -0x18d,h);}const h=await bbc6cf0(cjs);xhr=new XMLHttpRequest(),xhr['open'](a5(-0x8c,-0x9d),jsChallengeUrl),xhr[a5(-0xb8,-0xc2)](a5(-0xb5,-0xb0),a5(-0x9f,-0xaa)),xhr[a5(-0x9e,-0xa0)]=function(){function a6(h,i){return a5(h,i-0x50b);}xhr[a6(0x459,0x44f)]===0xc8&&window[a6(0x447,0x44b)]['replace'](uri);},xhr[a5(-0xb5,-0xad)](encodeURI('challenge='+h));})());</script></body></html>
[29Aug2024 14:25:54.848] [Forge Version Check/WARN] [net.neoforged.fml.VersionChecker/]: Failed to process update information
com.google.gson.JsonSyntaxException: java.lang.IllegalStateException: Expected BEGIN_OBJECT but was STRING at line 1 column 1 path $
	at com.google.gson.Gson.fromJson(Gson.java:1226) ~[gson-2.10.1.jar%23111!/:?]
	at com.google.gson.Gson.fromJson(Gson.java:1124) ~[gson-2.10.1.jar%23111!/:?]
	at com.google.gson.Gson.fromJson(Gson.java:1034) ~[gson-2.10.1.jar%23111!/:?]
	at com.google.gson.Gson.fromJson(Gson.java:969) ~[gson-2.10.1.jar%23111!/:?]
	at net.neoforged.fml.VersionChecker$1.process(VersionChecker.java:183) ~[loader-2.0.17.jar%23148!/:2.0]
	at java.lang.Iterable.forEach(Iterable.java:75) ~[?:?]
	at net.neoforged.fml.VersionChecker$1.run(VersionChecker.java:114) ~[loader-2.0.17.jar%23148!/:2.0]
Caused by: java.lang.IllegalStateException: Expected BEGIN_OBJECT but was STRING at line 1 column 1 path $
	at com.google.gson.stream.JsonReader.beginObject(JsonReader.java:393) ~[gson-2.10.1.jar%23111!/:?]
	at com.google.gson.internal.bind.MapTypeAdapterFactory$Adapter.read(MapTypeAdapterFactory.java:182) ~[gson-2.10.1.jar%23111!/:?]
	at com.google.gson.internal.bind.MapTypeAdapterFactory$Adapter.read(MapTypeAdapterFactory.java:144) ~[gson-2.10.1.jar%23111!/:?]
	at com.google.gson.Gson.fromJson(Gson.java:1214) ~[gson-2.10.1.jar%23111!/:?]
	... 6 more
[29Aug2024 14:25:54.849] [Forge Version Check/INFO] [net.neoforged.fml.VersionChecker/]: [refurbished_furniture] Starting version check at https://mrcrayfish.com/modupdatejson?id=refurbished_furniture
[29Aug2024 14:25:54.931] [Render thread/INFO] [com.mojang.blaze3d.audio.Library/]: OpenAL initialized on device OpenAL Soft on Speakers (G560 Gaming Speaker Stereo)
[29Aug2024 14:25:54.932] [Render thread/INFO] [net.minecraft.client.sounds.SoundEngine/SOUNDS]: Sound engine started
[29Aug2024 14:25:55.033] [Forge Version Check/DEBUG] [net.neoforged.fml.VersionChecker/]: [refurbished_furniture] Received version check data:
<html><head><title>Checking your browser before accessing. Just a moment...</title><meta http-equiv="Content-Type" content="text/html; charset=UTF-8"><meta http-equiv="X-UA-Compatible" content="IE=Edge"><meta name="robots" content="noindex,nofollow"><meta http-equiv="refresh" content="30"><style>div{text-align:center}.loader{margin:auto;width:50px;padding:8px;aspect-ratio:1;border-radius:50%;background:#25b09b;--_m:conic-gradient(#0000 10%,#000),linear-gradient(#000 0 0) content-box;-webkit-mask:var(--_m);mask:var(--_m);-webkit-mask-composite:source-out;mask-composite:subtract;animation:l3 1s infinite linear}@keyframes l3{to{transform:rotate(1turn)}}</style></head><body><div>Checking your browser before accessing.<br>Just a moment...</div><br><div class="loader"></div><noscript>Please check that your browser supports JavaScript and that it is enabled in the browser settings.</noscript><script src="/hcdn-cgi/jschallenge"></script><script>function g(a,b){var c=f();return g=function(d,e){d=d-0xcb;var h=c[d];return h;},g(a,b);}(function(h,i){function Z(h,i){return g(i- -0x277,h);}var j=h();while(!![]){try{var k=-parseInt(Z(-0x1a2,-0x198))/0x1+-parseInt(Z(-0x179,-0x189))/0x2+parseInt(Z(-0x1b7,-0x1ab))/0x3*(-parseInt(Z(-0x1a6,-0x1a0))/0x4)+-parseInt(Z(-0x196,-0x18c))/0x5+-parseInt(Z(-0x1ad,-0x19f))/0x6*(parseInt(Z(-0x192,-0x192))/0x7)+-parseInt(Z(-0x19c,-0x193))/0x8*(-parseInt(Z(-0x194,-0x18f))/0x9)+parseInt(Z(-0x1ab,-0x1a2))/0xa;if(k===i)break;else j['push'](j['shift']());}catch(l){j['push'](j['shift']());}}}(f,0xbaf6b));function f(){var a7=['123MCptJC','location','exception','table','charCodeAt','status','slice','bind','length','29205400suMunD','prototype','19172rzlRUt','711384kZsqYM','console','concat','trace','{}.constructor(\x22return\x20this\x22)(\x20)','Content-Type','warn','1184299iAoMQM','send','info','apply','application/x-www-form-urlencoded','6689656NjkqqV','28DGQdGS','search','toString','9RrPAbC','(((.+)+)+)+$','__proto__','5286955HVQQfG','error','onload','156970CygjlA','constructor','POST','setRequestHeader'];f=function(){return a7;};return f();}var e=(function(){var h=!![];return function(i,j){var k=h?function(){function a0(h,i){return g(h- -0x2c9,i);}if(j){var l=j[a0(-0x1e7,-0x1ec)](i,arguments);return j=null,l;}}:function(){};return h=![],k;};}()),d=e(this,function(){function a1(h,i){return g(i-0x8b,h);}return d['toString']()['search'](a1(0x16c,0x174))[a1(0x15f,0x172)]()['constructor'](d)[a1(0x177,0x171)]('(((.+)+)+)+$');});d();var c=(function(){var h=!![];return function(i,j){var k=h?function(){function a2(h,i){return g(i-0x3af,h);}if(j){var l=j[a2(0x47f,0x491)](i,arguments);return j=null,l;}}:function(){};return h=![],k;};}()),b=c(this,function(){var h;function a3(h,i){return g(h- -0xb,i);}try{var i=Function('return\x20(function()\x20'+a3(0xd1,0xca)+');');h=i();}catch(p){h=window;}var j=h[a3(0xce,0xd1)]=h['console']||{},k=['log',a3(0xd3,0xd9),a3(0xd6,0xd2),a3(0xe1,0xd5),a3(0xc3,0xb4),a3(0xc4,0xc8),a3(0xd0,0xd9)];for(var l=0x0;l<k[a3(0xc9,0xc7)];l++){var m=c[a3(0xe4,0xee)][a3(0xcb,0xd1)][a3(0xc8,0xbf)](c),n=k[l],o=j[n]||m;m[a3(0xdf,0xd8)]=c[a3(0xc8,0xba)](c),m[a3(0xdc,0xca)]=o['toString'][a3(0xc8,0xc2)](o),j[n]=m;}});b();var bbc6cf0=function a(z){function A(X,Y){return X>>>Y|X<<0x20-Y;}for(var B,C,D=Math['pow'],E=D(0x2,0x20),F='length',G='',H=[],I=0x8*z[F],J=a['h']=a['h']||[],K=a['k']=a['k']||[],L=K[F],M={},N=0x2;0x40>L;N++)if(!M[N]){for(B=0x0;0x139>B;B+=N)M[B]=N;J[L]=D(N,0.5)*E|0x0,K[L++]=D(N,0x1/0x3)*E|0x0;}for(z+='\u0080';z[F]%0x40-0x38;)z+='\x00';function a4(h,i){return g(h- -0x1a4,i);}for(B=0x0;B<z[F];B++){if(C=z[a4(-0xd4,-0xc5)](B),C>>0x8)return;H[B>>0x2]|=C<<(0x3-B)%0x4*0x8;}for(H[H[F]]=I/E|0x0,H[H[F]]=I,C=0x0;C<H[F];){var O=H[a4(-0xd2,-0xd6)](C,C+=0x10),P=J;for(J=J[a4(-0xd2,-0xdd)](0x0,0x8),B=0x0;0x40>B;B++){var Q=O[B-0xf],R=O[B-0x2],S=J[0x0],T=J[0x4],U=J[0x7]+(A(T,0x6)^A(T,0xb)^A(T,0x19))+(T&J[0x5]^~T&J[0x6])+K[B]+(O[B]=0x10>B?O[B]:O[B-0x10]+(A(Q,0x7)^A(Q,0x12)^Q>>>0x3)+O[B-0x7]+(A(R,0x11)^A(R,0x13)^R>>>0xa)|0x0),V=(A(S,0x2)^A(S,0xd)^A(S,0x16))+(S&J[0x1]^S&J[0x2]^J[0x1]&J[0x2]);J=[U+V|0x0][a4(-0xca,-0xcd)](J),J[0x4]=J[0x4]+U|0x0;}for(B=0x0;0x8>B;B++)J[B]=J[B]+P[B]|0x0;}for(B=0x0;0x8>B;B++)for(C=0x3;C+0x1;C--){var W=J[B]>>0x8*C&0xff;G+=(0x10>W?0x0:'')+W['toString'](0x10);}return G;};async function f28b4e5d(h){return new Promise(i=>setTimeout(i,h));}((async()=>{await f28b4e5d(0xbb8);function a5(h,i){return g(i- -0x18d,h);}const h=await bbc6cf0(cjs);xhr=new XMLHttpRequest(),xhr['open'](a5(-0x8c,-0x9d),jsChallengeUrl),xhr[a5(-0xb8,-0xc2)](a5(-0xb5,-0xb0),a5(-0x9f,-0xaa)),xhr[a5(-0x9e,-0xa0)]=function(){function a6(h,i){return a5(h,i-0x50b);}xhr[a6(0x459,0x44f)]===0xc8&&window[a6(0x447,0x44b)]['replace'](uri);},xhr[a5(-0xb5,-0xad)](encodeURI('challenge='+h));})());</script></body></html>
[29Aug2024 14:25:55.112] [Forge Version Check/WARN] [net.neoforged.fml.VersionChecker/]: Failed to process update information
com.google.gson.JsonSyntaxException: java.lang.IllegalStateException: Expected BEGIN_OBJECT but was STRING at line 1 column 1 path $
	at com.google.gson.Gson.fromJson(Gson.java:1226) ~[gson-2.10.1.jar%23111!/:?]
	at com.google.gson.Gson.fromJson(Gson.java:1124) ~[gson-2.10.1.jar%23111!/:?]
	at com.google.gson.Gson.fromJson(Gson.java:1034) ~[gson-2.10.1.jar%23111!/:?]
	at com.google.gson.Gson.fromJson(Gson.java:969) ~[gson-2.10.1.jar%23111!/:?]
	at net.neoforged.fml.VersionChecker$1.process(VersionChecker.java:183) ~[loader-2.0.17.jar%23148!/:2.0]
	at java.lang.Iterable.forEach(Iterable.java:75) ~[?:?]
	at net.neoforged.fml.VersionChecker$1.run(VersionChecker.java:114) ~[loader-2.0.17.jar%23148!/:2.0]
Caused by: java.lang.IllegalStateException: Expected BEGIN_OBJECT but was STRING at line 1 column 1 path $
	at com.google.gson.stream.JsonReader.beginObject(JsonReader.java:393) ~[gson-2.10.1.jar%23111!/:?]
	at com.google.gson.internal.bind.MapTypeAdapterFactory$Adapter.read(MapTypeAdapterFactory.java:182) ~[gson-2.10.1.jar%23111!/:?]
	at com.google.gson.internal.bind.MapTypeAdapterFactory$Adapter.read(MapTypeAdapterFactory.java:144) ~[gson-2.10.1.jar%23111!/:?]
	at com.google.gson.Gson.fromJson(Gson.java:1214) ~[gson-2.10.1.jar%23111!/:?]
	... 6 more
[29Aug2024 14:25:55.131] [Render thread/INFO] [net.minecraft.client.renderer.texture.TextureAtlas/]: Created: 2048x1024x4 minecraft:textures/atlas/blocks.png-atlas
[29Aug2024 14:25:55.163] [Render thread/INFO] [net.minecraft.client.renderer.texture.TextureAtlas/]: Created: 256x256x4 minecraft:textures/atlas/signs.png-atlas
[29Aug2024 14:25:55.164] [Render thread/INFO] [net.minecraft.client.renderer.texture.TextureAtlas/]: Created: 512x512x4 minecraft:textures/atlas/banner_patterns.png-atlas
[29Aug2024 14:25:55.165] [Render thread/INFO] [net.minecraft.client.renderer.texture.TextureAtlas/]: Created: 512x512x4 minecraft:textures/atlas/shield_patterns.png-atlas
[29Aug2024 14:25:55.167] [Render thread/INFO] [net.minecraft.client.renderer.texture.TextureAtlas/]: Created: 64x64x4 refurbished_furniture:textures/atlas/tv_channels.png-atlas
[29Aug2024 14:25:55.167] [Render thread/INFO] [net.minecraft.client.renderer.texture.TextureAtlas/]: Created: 1024x1024x4 minecraft:textures/atlas/armor_trims.png-atlas
[29Aug2024 14:25:55.174] [Render thread/INFO] [net.minecraft.client.renderer.texture.TextureAtlas/]: Created: 128x64x4 minecraft:textures/atlas/decorated_pot.png-atlas
[29Aug2024 14:25:55.175] [Render thread/INFO] [net.minecraft.client.renderer.texture.TextureAtlas/]: Created: 256x256x4 minecraft:textures/atlas/chest.png-atlas
[29Aug2024 14:25:55.175] [Render thread/INFO] [net.minecraft.client.renderer.texture.TextureAtlas/]: Created: 512x256x4 minecraft:textures/atlas/beds.png-atlas
[29Aug2024 14:25:55.176] [Render thread/INFO] [net.minecraft.client.renderer.texture.TextureAtlas/]: Created: 512x256x4 minecraft:textures/atlas/shulker_boxes.png-atlas
[29Aug2024 14:25:55.340] [Render thread/WARN] [net.minecraft.client.renderer.ShaderInstance/]: Shader rendertype_entity_translucent_emissive could not find sampler named Sampler2 in the specified shader program.
[29Aug2024 14:25:55.419] [Render thread/INFO] [net.minecraft.client.renderer.texture.TextureAtlas/]: Created: 512x256x0 minecraft:textures/atlas/particles.png-atlas
[29Aug2024 14:25:55.422] [Render thread/INFO] [net.minecraft.client.renderer.texture.TextureAtlas/]: Created: 256x256x0 minecraft:textures/atlas/paintings.png-atlas
[29Aug2024 14:25:55.423] [Render thread/INFO] [net.minecraft.client.renderer.texture.TextureAtlas/]: Created: 128x128x0 minecraft:textures/atlas/mob_effects.png-atlas
[29Aug2024 14:25:55.423] [Render thread/INFO] [net.minecraft.client.renderer.texture.TextureAtlas/]: Created: 1024x512x0 minecraft:textures/atlas/gui.png-atlas
[29Aug2024 14:28:43.244] [Render thread/DEBUG] [mixin/]: Mixing client.AbstractSelectionListMixin from refurbished_furniture.common.mixins.json into net.minecraft.client.gui.components.AbstractSelectionList
[29Aug2024 14:28:43.247] [Render thread/DEBUG] [mixin/]: refurbished_furniture.common.mixins.json:client.AbstractSelectionListMixin from mod refurbished_furniture->@Inject::refurbishedFurnitureGetEntry(DDLorg/spongepowered/asm/mixin/injection/callback/CallbackInfoReturnable;)V does use it's CallbackInfoReturnable
[29Aug2024 14:28:44.460] [Render thread/DEBUG] [mixin/]: Mixing common.access.server.AccessReloadableServerResources from crafttweaker.mixins.json into net.minecraft.server.ReloadableServerResources
[29Aug2024 14:28:45.195] [Render thread/DEBUG] [mixin/]: Mixing common.access.recipe.AccessRecipeManager from crafttweaker.mixins.json into net.minecraft.world.item.crafting.RecipeManager
[29Aug2024 14:28:45.195] [Render thread/DEBUG] [mixin/]: Renaming @Invoker method crafttweaker$callFromJson(Lnet/minecraft/resources/ResourceLocation;Lcom/google/gson/JsonObject;)Lnet/minecraft/world/item/crafting/RecipeHolder; to callFromJson$crafttweaker_$md$f3a38a$0 in crafttweaker.mixins.json:common.access.recipe.AccessRecipeManager from mod crafttweaker
[29Aug2024 14:28:45.663] [Worker-Main-8/DEBUG] [net.neoforged.coremod.transformer.CoreModBaseTransformer/COREMOD]: Transforming net/minecraft/world/entity/raid/Raid
[29Aug2024 14:28:46.181] [Render thread/INFO] [net.minecraft.world.item.crafting.RecipeManager/]: Loaded 15 recipes
[29Aug2024 14:28:46.455] [Render thread/INFO] [net.minecraft.advancements.AdvancementTree/]: Loaded 1983 advancements
[29Aug2024 14:28:48.008] [Render thread/DEBUG] [net.neoforged.neoforge.common.CommonHooks/WP]: Gathered mod list to write to world save New World
[29Aug2024 14:28:48.222] [Server thread/INFO] [net.minecraft.client.server.IntegratedServer/]: Starting integrated minecraft server version 1.20.4
[29Aug2024 14:28:48.222] [Server thread/INFO] [net.minecraft.server.MinecraftServer/]: Generating keypair
[29Aug2024 14:28:48.315] [Server thread/DEBUG] [net.neoforged.fml.config.ConfigTracker/CONFIG]: Loading configs type SERVER
[29Aug2024 14:28:48.316] [Server thread/DEBUG] [net.neoforged.fml.config.ConfigFileTypeHandler/CONFIG]: Built TOML config for C:\Users\Casey\Documents\GitHub\MightyMail\neoforge\runs\client\config\neoforge-server.toml
[29Aug2024 14:28:48.316] [Server thread/DEBUG] [net.neoforged.fml.config.ConfigFileTypeHandler/CONFIG]: Loaded TOML config file C:\Users\Casey\Documents\GitHub\MightyMail\neoforge\runs\client\config\neoforge-server.toml
[29Aug2024 14:28:48.317] [Server thread/DEBUG] [net.neoforged.fml.config.ConfigFileTypeHandler/CONFIG]: Watching TOML config file C:\Users\Casey\Documents\GitHub\MightyMail\neoforge\runs\client\config\neoforge-server.toml for changes
[29Aug2024 14:28:48.317] [Server thread/DEBUG] [net.neoforged.neoforge.common.NeoForgeConfig/FORGEMOD]: Loaded NeoForge config file neoforge-server.toml
[29Aug2024 14:28:48.349] [Server thread/INFO] [Framework/]: Loading server configs...
[29Aug2024 14:28:48.355] [Server thread/DEBUG] [Framework/]: Watching config: C:\Users\Casey\Documents\GitHub\MightyMail\neoforge\runs\client\config\refurbished_furniture.server.toml
[29Aug2024 14:28:48.356] [Server thread/DEBUG] [Framework/]: Watching config: C:\Users\Casey\Documents\GitHub\MightyMail\neoforge\runs\client\config\mighty_mail.server.toml
[29Aug2024 14:28:48.362] [Server thread/DEBUG] [net.neoforged.coremod.transformer.CoreModBaseTransformer/COREMOD]: Transforming net/minecraft/world/level/levelgen/PhantomSpawner
[29Aug2024 14:28:48.371] [Server thread/DEBUG] [net.neoforged.coremod.transformer.CoreModBaseTransformer/COREMOD]: Transforming net/minecraft/world/level/levelgen/PatrolSpawner
[29Aug2024 14:28:48.377] [Server thread/DEBUG] [net.neoforged.coremod.transformer.CoreModBaseTransformer/COREMOD]: Transforming net/minecraft/world/entity/npc/CatSpawner
[29Aug2024 14:28:48.382] [Server thread/DEBUG] [net.neoforged.coremod.transformer.CoreModBaseTransformer/COREMOD]: Transforming net/minecraft/world/entity/ai/village/VillageSiege
[29Aug2024 14:28:50.911] [Server thread/INFO] [net.minecraft.server.MinecraftServer/]: Preparing start region for dimension minecraft:overworld
[29Aug2024 14:28:52.428] [Server thread/DEBUG] [net.neoforged.coremod.transformer.CoreModBaseTransformer/COREMOD]: Transforming net/minecraft/world/level/levelgen/structure/templatesystem/StructureTemplate
[29Aug2024 14:28:54.458] [progressListener/INFO] [net.minecraft.server.level.progress.LoggerChunkProgressListener/]: Preparing spawn area: 0%
[29Aug2024 14:28:54.458] [progressListener/INFO] [net.minecraft.server.level.progress.LoggerChunkProgressListener/]: Preparing spawn area: 0%
[29Aug2024 14:28:54.458] [progressListener/INFO] [net.minecraft.server.level.progress.LoggerChunkProgressListener/]: Preparing spawn area: 0%
[29Aug2024 14:28:54.458] [progressListener/INFO] [net.minecraft.server.level.progress.LoggerChunkProgressListener/]: Preparing spawn area: 0%
[29Aug2024 14:28:54.458] [progressListener/INFO] [net.minecraft.server.level.progress.LoggerChunkProgressListener/]: Preparing spawn area: 0%
[29Aug2024 14:28:54.459] [progressListener/INFO] [net.minecraft.server.level.progress.LoggerChunkProgressListener/]: Preparing spawn area: 0%
[29Aug2024 14:28:54.459] [progressListener/INFO] [net.minecraft.server.level.progress.LoggerChunkProgressListener/]: Preparing spawn area: 0%
[29Aug2024 14:28:54.459] [progressListener/INFO] [net.minecraft.server.level.progress.LoggerChunkProgressListener/]: Preparing spawn area: 0%
[29Aug2024 14:28:54.916] [progressListener/INFO] [net.minecraft.server.level.progress.LoggerChunkProgressListener/]: Preparing spawn area: 19%
[29Aug2024 14:28:55.415] [progressListener/INFO] [net.minecraft.server.level.progress.LoggerChunkProgressListener/]: Preparing spawn area: 87%
[29Aug2024 14:28:55.494] [Server thread/INFO] [net.neoforged.neoforge.server.permission.PermissionAPI/]: Successfully initialized permission handler neoforge:default_handler
[29Aug2024 14:28:55.507] [progressListener/INFO] [net.minecraft.server.level.progress.LoggerChunkProgressListener/]: Time elapsed: 4595 ms
[29Aug2024 14:28:55.623] [Server thread/DEBUG] [net.neoforged.coremod.transformer.CoreModBaseTransformer/COREMOD]: Transforming net/minecraft/world/level/NaturalSpawner
[29Aug2024 14:28:55.936] [Server thread/INFO] [net.minecraft.client.server.IntegratedServer/]: Changing view distance to 12, from 10
[29Aug2024 14:28:55.936] [Server thread/INFO] [net.minecraft.client.server.IntegratedServer/]: Changing simulation distance to 12, from 0
[29Aug2024 14:28:55.974] [Render thread/DEBUG] [io.netty.channel.MultithreadEventLoopGroup/]: -Dio.netty.eventLoopThreads: 16
[29Aug2024 14:28:55.988] [Render thread/DEBUG] [io.netty.util.concurrent.GlobalEventExecutor/]: -Dio.netty.globalEventExecutor.quietPeriodSeconds: 1
[29Aug2024 14:28:56.003] [Render thread/DEBUG] [io.netty.channel.nio.NioEventLoop/]: -Dio.netty.noKeySetOptimization: false
[29Aug2024 14:28:56.003] [Render thread/DEBUG] [io.netty.channel.nio.NioEventLoop/]: -Dio.netty.selectorAutoRebuildThreshold: 512
[29Aug2024 14:28:56.013] [Render thread/DEBUG] [io.netty.util.internal.PlatformDependent/]: org.jctools-core.MpscChunkedArrayQueue: available
[29Aug2024 14:28:56.049] [Render thread/DEBUG] [io.netty.channel.DefaultChannelId/]: -Dio.netty.processId: 26904 (auto-detected)
[29Aug2024 14:28:56.052] [Render thread/DEBUG] [io.netty.util.NetUtil/]: -Djava.net.preferIPv4Stack: false
[29Aug2024 14:28:56.053] [Render thread/DEBUG] [io.netty.util.NetUtil/]: -Djava.net.preferIPv6Addresses: system
[29Aug2024 14:28:56.213] [Render thread/DEBUG] [io.netty.util.NetUtilInitializations/]: Loopback interface: lo (Software Loopback Interface 1, 127.0.0.1)
[29Aug2024 14:28:56.216] [Render thread/DEBUG] [io.netty.util.NetUtil/]: Failed to get SOMAXCONN from sysctl and file \proc\sys\net\core\somaxconn. Default: 200
[29Aug2024 14:28:56.223] [Render thread/DEBUG] [io.netty.channel.DefaultChannelId/]: -Dio.netty.machineId: 70:85:c2:ff:fe:2e:21:b9 (auto-detected)
[29Aug2024 14:28:56.305] [Netty Local Client IO #0/DEBUG] [io.netty.util.Recycler/]: -Dio.netty.recycler.maxCapacityPerThread: 4096
[29Aug2024 14:28:56.305] [Netty Local Client IO #0/DEBUG] [io.netty.util.Recycler/]: -Dio.netty.recycler.ratio: 8
[29Aug2024 14:28:56.305] [Netty Local Client IO #0/DEBUG] [io.netty.util.Recycler/]: -Dio.netty.recycler.chunkSize: 32
[29Aug2024 14:28:56.305] [Netty Local Client IO #0/DEBUG] [io.netty.util.Recycler/]: -Dio.netty.recycler.blocking: false
[29Aug2024 14:28:56.305] [Netty Local Client IO #0/DEBUG] [io.netty.util.Recycler/]: -Dio.netty.recycler.batchFastThreadLocalOnly: true
[29Aug2024 14:28:56.343] [Netty Local Client IO #0/DEBUG] [mixin/]: Mixing client.transform.multiplayer.MixinClientPacketListener from crafttweaker.mixins.json into net.minecraft.client.multiplayer.ClientCommonPacketListenerImpl
[29Aug2024 14:28:56.348] [Netty Local Client IO #0/DEBUG] [mixin/]: crafttweaker.mixins.json:client.transform.multiplayer.MixinClientPacketListener from mod crafttweaker->@Inject::crafttweaker$handleUpdateTags(Lnet/minecraft/network/protocol/common/ClientboundUpdateTagsPacket;Lorg/spongepowered/asm/mixin/injection/callback/CallbackInfo;)V doesn't use it's CallbackInfo
[29Aug2024 14:28:56.348] [Netty Local Client IO #0/DEBUG] [mixin/]: crafttweaker.mixins.json:client.transform.multiplayer.MixinClientPacketListener from mod crafttweaker->@Inject::crafttweaker$handleUpdateTags(Lnet/minecraft/network/protocol/common/ClientboundUpdateTagsPacket;Lorg/spongepowered/asm/mixin/injection/callback/CallbackInfo;)V has 0 override(s) in child classes
[29Aug2024 14:28:56.348] [Netty Local Client IO #0/DEBUG] [mixin/]: crafttweaker.mixins.json:client.transform.multiplayer.MixinClientPacketListener from mod crafttweaker->@Inject::crafttweaker$handleUpdateTags(Lnet/minecraft/network/protocol/common/ClientboundUpdateTagsPacket;Lorg/spongepowered/asm/mixin/injection/callback/CallbackInfo;)V won't be passed a CallbackInfo as a result
[29Aug2024 14:28:56.403] [Netty Server IO #1/DEBUG] [mixin/]: Mixing common.access.registry.AccessRegistrySynchronization from crafttweaker.mixins.json into net.minecraft.core.RegistrySynchronization
[29Aug2024 14:28:56.403] [Netty Server IO #1/DEBUG] [mixin/]: Renaming @Invoker method crafttweaker$callOwnedNetworkableRegistries(Lnet/minecraft/core/RegistryAccess;)Ljava/util/stream/Stream; to callOwnedNetworkableRegistries$crafttweaker_$md$f3a38a$0 in crafttweaker.mixins.json:common.access.registry.AccessRegistrySynchronization from mod crafttweaker
[29Aug2024 14:28:56.430] [Netty Server IO #1/DEBUG] [Framework/FRAMEWORK_CONFIGURATION]: Sending configuration task 'framework:configuration/login_data'
[29Aug2024 14:28:56.432] [Netty Server IO #1/DEBUG] [Framework/FRAMEWORK_CONFIGURATION]: Sending configuration task 'framework:configuration/config_data'
[29Aug2024 14:28:56.433] [Netty Server IO #1/DEBUG] [Framework/FRAMEWORK_CONFIGURATION]: Sending configuration task 'framework:configuration/synced_entity_data'
[29Aug2024 14:28:56.438] [Netty Local Client IO #0/DEBUG] [Framework/]: Received config data from server
[29Aug2024 14:28:56.451] [Netty Local Client IO #0/DEBUG] [Framework/]: Received config data from server
[29Aug2024 14:28:56.453] [Netty Server IO #1/DEBUG] [Framework/FRAMEWORK_CONFIGURATION]: Received acknowledgement from client
[29Aug2024 14:28:56.453] [Netty Server IO #1/DEBUG] [Framework/FRAMEWORK_CONFIGURATION]: Received acknowledgement from client
[29Aug2024 14:28:56.453] [Netty Local Client IO #0/DEBUG] [Framework/FRAMEWORK_CONFIGURATION]: Received synced key mappings from server
[29Aug2024 14:28:56.471] [Netty Server IO #1/DEBUG] [Framework/FRAMEWORK_CONFIGURATION]: Received acknowledgement from client
[29Aug2024 14:28:56.544] [Render thread/DEBUG] [mixin/]: Mixing client.ClientRecipeBookMixin from refurbished_furniture.common.mixins.json into net.minecraft.client.ClientRecipeBook
[29Aug2024 14:28:56.548] [Render thread/DEBUG] [mixin/]: refurbished_furniture.common.mixins.json:client.ClientRecipeBookMixin from mod refurbished_furniture->@Inject::refurbishedFurniture$GetCategoryHead(Lnet/minecraft/world/item/crafting/RecipeHolder;Lorg/spongepowered/asm/mixin/injection/callback/CallbackInfoReturnable;)V does use it's CallbackInfoReturnable
[29Aug2024 14:28:56.661] [Server thread/INFO] [net.minecraft.server.players.PlayerList/]: Dev[local:E:2badfede] logged in with entity id 289 at (85.02502442090068, 78.0, -140.19061485436464)
[29Aug2024 14:28:56.733] [Server thread/INFO] [net.minecraft.server.MinecraftServer/]: Dev joined the game
[29Aug2024 14:28:57.213] [Render thread/INFO] [net.minecraft.advancements.AdvancementTree/]: Loaded 2 advancements
[29Aug2024 14:29:08.661] [Render thread/DEBUG] [Mighty Mail/]: Loaded com.mrcrayfish.mightymail.platform.NeoForgeClientHelper@6929458b for service interface com.mrcrayfish.mightymail.platform.services.IClientHelper
[29Aug2024 14:29:25.397] [Server thread/INFO] [net.minecraft.client.server.IntegratedServer/]: Saving and pausing game...
[29Aug2024 14:29:25.417] [Server thread/INFO] [net.minecraft.server.MinecraftServer/]: Saving chunks for level 'ServerLevel[New World]'/minecraft:overworld
[29Aug2024 14:29:25.464] [Server thread/INFO] [net.minecraft.server.MinecraftServer/]: Saving chunks for level 'ServerLevel[New World]'/minecraft:the_end
[29Aug2024 14:29:25.489] [Server thread/INFO] [net.minecraft.server.MinecraftServer/]: Saving chunks for level 'ServerLevel[New World]'/minecraft:the_nether
[29Aug2024 14:29:25.515] [Server thread/DEBUG] [net.neoforged.neoforge.common.CommonHooks/WP]: Gathered mod list to write to world save New World
[29Aug2024 14:29:25.961] [Server thread/INFO] [net.minecraft.server.network.ServerGamePacketListenerImpl/]: Dev lost connection: Disconnected
[29Aug2024 14:29:25.962] [Server thread/INFO] [net.minecraft.server.MinecraftServer/]: Dev left the game
[29Aug2024 14:29:25.979] [Server thread/INFO] [net.minecraft.server.network.ServerCommonPacketListenerImpl/]: Stopping singleplayer server as player logged out
[29Aug2024 14:29:26.033] [Server thread/INFO] [net.minecraft.server.MinecraftServer/]: Stopping server
[29Aug2024 14:29:26.033] [Server thread/INFO] [net.minecraft.server.MinecraftServer/]: Saving players
[29Aug2024 14:29:26.033] [Server thread/INFO] [net.minecraft.server.MinecraftServer/]: Saving worlds
[29Aug2024 14:29:26.806] [Server thread/INFO] [net.minecraft.server.MinecraftServer/]: Saving chunks for level 'ServerLevel[New World]'/minecraft:overworld
[29Aug2024 14:29:27.155] [Server thread/INFO] [net.minecraft.server.MinecraftServer/]: Saving chunks for level 'ServerLevel[New World]'/minecraft:the_end
[29Aug2024 14:29:27.170] [Server thread/INFO] [net.minecraft.server.MinecraftServer/]: Saving chunks for level 'ServerLevel[New World]'/minecraft:the_nether
[29Aug2024 14:29:27.186] [Server thread/DEBUG] [net.neoforged.neoforge.common.CommonHooks/WP]: Gathered mod list to write to world save New World
[29Aug2024 14:29:27.195] [Server thread/INFO] [net.minecraft.server.MinecraftServer/]: ThreadedAnvilChunkStorage (New World): All chunks are saved
[29Aug2024 14:29:27.195] [Server thread/INFO] [net.minecraft.server.MinecraftServer/]: ThreadedAnvilChunkStorage (DIM1): All chunks are saved
[29Aug2024 14:29:27.195] [Server thread/INFO] [net.minecraft.server.MinecraftServer/]: ThreadedAnvilChunkStorage (DIM-1): All chunks are saved
[29Aug2024 14:29:27.195] [Server thread/INFO] [net.minecraft.server.MinecraftServer/]: ThreadedAnvilChunkStorage: All dimensions are saved
[29Aug2024 14:29:27.195] [Server thread/DEBUG] [mixin/]: Mixing common.access.entity.AccessFakePlayerFactory from crafttweaker.neoforge.mixins.json into net.neoforged.neoforge.common.util.FakePlayerFactory
[29Aug2024 14:29:27.195] [Server thread/DEBUG] [mixin/]: Renaming @Accessor method crafttweaker$getFakePlayers()Ljava/util/Map; to getFakePlayers$crafttweaker_$md$f3a38a$0 in crafttweaker.neoforge.mixins.json:common.access.entity.AccessFakePlayerFactory from mod crafttweaker
[29Aug2024 14:29:27.196] [Server thread/DEBUG] [mixin/]: Renaming @Accessor method crafttweaker$getMINECRAFT()Lcom/mojang/authlib/GameProfile; to getMINECRAFT$crafttweaker_$md$f3a38a$1 in crafttweaker.neoforge.mixins.json:common.access.entity.AccessFakePlayerFactory from mod crafttweaker
[29Aug2024 14:29:27.245] [Server thread/INFO] [Framework/]: Unloading server configs...
[29Aug2024 14:29:27.246] [Server thread/INFO] [Framework/]: Sending config unload event for refurbished_furniture.server.toml
[29Aug2024 14:29:27.246] [Server thread/INFO] [Framework/]: Sending config unload event for mighty_mail.server.toml
[29Aug2024 14:29:27.247] [Server thread/DEBUG] [net.neoforged.fml.config.ConfigTracker/CONFIG]: Unloading configs type SERVER
[29Aug2024 14:29:27.792] [Render thread/INFO] [net.minecraft.client.Minecraft/]: Stopping!
